,event_id,PhysicalDataID,Station,Date,YSI,Time,Datetime,FlowDirection,VegetationRank,FieldComments_WQ,DataCorrectionComments,SamplingAltered,MeshSize,SamplingID,InvertDataID,ConditionCode,SetTime,FlowMeterSpeed,FlowMeterStart,FlowMeterEnd,FieldComments,InvertCode,SampleVolume,SampleID,Attribute,wet_mass,dry_mass,condition,SampleAltered,SubsampleNumber,DilutionVolume,Flag_SAMP,Comment_SAMP,Flag_LAB,Comment_LAB
1,STTD_2023-01-03 11:00:00,NA,STTD,1/3/2023,3,11:00:00,1/3/2023 11:00,D,2,NA,NA,Y,500,NA,NA,1,10,Low,866258,855725,Towed from jon boat (forward),NA,NA,20230103_1100_STTD_DRIFT,Drift Invertebrates,0.87480000000000002,0.21620000000000017,N,NA,NA,NA,,,,
2,STTD_2023-01-03 11:00:00,NA,STTD,1/3/2023,3,11:00:00,1/3/2023 11:00,D,2,NA,NA,Y,500,NA,NA,1,10,Low,866258,855725,Towed from jon boat (forward),NA,NA,20230103_1100_STTD_DRIFT,Drift Invertebrates,<0.001,<0.001,N,NA,NA,NA,,,,
3,STTD_2023-01-03 11:00:00,NA,STTD,1/3/2023,3,11:00:00,1/3/2023 11:00,D,2,NA,NA,Y,500,NA,NA,1,10,Low,866258,855725,Towed from jon boat (forward),NA,NA,20230103_1100_STTD_DRIFT,Drift Invertebrates,4.4999999999997264E-3,<0.001,N,NA,NA,NA,,,,
4,STTD_2023-01-03 11:00:00,NA,STTD,1/3/2023,3,11:00:00,1/3/2023 11:00,D,2,NA,NA,Y,500,NA,NA,1,10,Low,866258,855725,Towed from jon boat (forward),NA,NA,20230103_1100_STTD_DRIFT,Drift Invertebrates,2.8000000000001357E-3,<0.001,N,NA,NA,NA,,,,
5,STTD_2023-01-03 11:00:00,NA,STTD,1/3/2023,3,11:00:00,1/3/2023 11:00,D,2,NA,NA,Y,500,NA,NA,1,10,Low,866258,855725,Towed from jon boat (forward),NA,NA,20230103_1100_STTD_DRIFT,Drift Invertebrates,3.2999999999998586E-3,<0.001,N,NA,NA,NA,,,,
6,STTD_2023-01-03 11:00:00,NA,STTD,1/3/2023,3,11:00:00,1/3/2023 11:00,D,2,NA,NA,Y,500,NA,NA,1,10,Low,866258,855725,Towed from jon boat (forward),NA,NA,20230103_1100_STTD_DRIFT,Drift Invertebrates,2.4000000000001798E-3,<0.001,N,NA,NA,NA,,,,
7,STTD_2023-01-03 11:00:00,NA,STTD,1/3/2023,3,11:00:00,1/3/2023 11:00,D,2,NA,NA,Y,500,NA,NA,1,10,Low,866258,855725,Towed from jon boat (forward),NA,NA,20230103_1100_STTD_DRIFT,Drift Invertebrates,3.9000000000002366E-3,<0.001,N,NA,NA,NA,,,,
8,STTD_2023-01-03 11:00:00,NA,STTD,1/3/2023,3,11:00:00,1/3/2023 11:00,D,2,NA,NA,Y,500,NA,NA,1,10,Low,866258,855725,Towed from jon boat (forward),NA,NA,20230103_1100_STTD_DRIFT,Drift Invertebrates,1.3000000000000789E-3,<0.001,N,NA,NA,NA,,,,
9,STTD_2023-01-03 11:00:00,NA,STTD,1/3/2023,3,11:00:00,1/3/2023 11:00,D,2,NA,NA,Y,500,NA,NA,1,10,Low,866258,855725,Towed from jon boat (forward),NA,NA,20230103_1100_STTD_DRIFT,Drift Invertebrates,5.7000000000000384E-3,1.4000000000002899E-3,N,NA,NA,NA,,,,
10,STTD_2023-01-03 11:00:00,NA,STTD,1/3/2023,3,11:00:00,1/3/2023 11:00,D,2,NA,NA,Y,500,NA,NA,1,10,Low,866258,855725,Towed from jon boat (forward),NA,NA,20230103_1100_STTD_DRIFT,Drift Invertebrates,5.8200000000000252E-2,2.0700000000000163E-2,N,NA,NA,NA,,,,
11,SHR_2023-01-04 08:50:00,NA,SHR,1/4/2023,3,8:50:00,1/4/2023 8:50,D,1,Sampling was performed from dock instead of boat b/c of wind & flow,NA,Y,500,NA,NA,1,5,Low,855635,852496,All tows reduced to half time b/c of silt concentration,NA,NA,20230104_850_SHR_DRIFT,Drift Invertebrates,<0.001,<0.001,N,NA,NA,NA,,,,
12,SHR_2023-01-04 08:50:00,NA,SHR,1/4/2023,3,8:50:00,1/4/2023 8:50,D,1,Sampling was performed from dock instead of boat b/c of wind & flow,NA,Y,500,NA,NA,1,5,Low,855635,852496,All tows reduced to half time b/c of silt concentration,NA,NA,20230104_850_SHR_DRIFT,Drift Invertebrates,1.1999999999998678E-3,<0.001,N,NA,NA,NA,,,,
13,SHR_2023-01-04 08:50:00,NA,SHR,1/4/2023,3,8:50:00,1/4/2023 8:50,D,1,Sampling was performed from dock instead of boat b/c of wind & flow,NA,Y,500,NA,NA,1,5,Low,855635,852496,All tows reduced to half time b/c of silt concentration,NA,NA,20230104_850_SHR_DRIFT,Drift Invertebrates,4.5000000000001705E-3,<0.001,N,NA,NA,NA,,,,
14,SHR_2023-01-04 08:50:00,NA,SHR,1/4/2023,3,8:50:00,1/4/2023 8:50,D,1,Sampling was performed from dock instead of boat b/c of wind & flow,NA,Y,500,NA,NA,1,5,Low,855635,852496,All tows reduced to half time b/c of silt concentration,NA,NA,20230104_850_SHR_DRIFT,Drift Invertebrates,1.7000000000000348E-3,<0.001,N,NA,NA,NA,,,,
15,SHR_2023-01-11 09:12:00,NA,SHR,1/11/2023,3,9:12:00,1/11/2023 9:12,D,1,Sampled from dock,NA,Y,500,NA,NA,1,5,Reg,852318,859967,Towed from dock.,NA,NA,20230111_912_SHR_DRIFT,Drift Invertebrates,<0.001,<0.001,N,NA,NA,NA,,,,
16,SHR_2023-01-11 09:12:00,NA,SHR,1/11/2023,3,9:12:00,1/11/2023 9:12,D,1,Sampled from dock,NA,Y,500,NA,NA,1,5,Reg,852318,859967,Towed from dock.,NA,NA,20230111_912_SHR_DRIFT,Drift Invertebrates,1.3000000000000789E-3,<0.001,N,NA,NA,NA,,,,
17,SHR_2023-01-11 09:12:00,NA,SHR,1/11/2023,3,9:12:00,1/11/2023 9:12,D,1,Sampled from dock,NA,Y,500,NA,NA,1,5,Reg,852318,859967,Towed from dock.,NA,NA,20230111_912_SHR_DRIFT,Drift Invertebrates,2.0000000000002238E-3,<0.001,N,NA,NA,NA,,,,
18,STTD_2023-01-12 10:10:00,NA,STTD,1/12/2023,3,10:10:00,1/12/2023 10:10,D,3,NA,Surface Irradiance changed to 1794.9 was 1764.9,Y,500,NA,NA,1,5,Reg,860192,866218,Reduced sampling time to half.,NA,NA,20230112_1010_STTD_DRIFT,Drift Invertebrates,<0.001,<0.001,N,NA,NA,NA,,,,
19,STTD_2023-01-12 10:10:00,NA,STTD,1/12/2023,3,10:10:00,1/12/2023 10:10,D,3,NA,Surface Irradiance changed to 1794.9 was 1764.9,Y,500,NA,NA,1,5,Reg,860192,866218,Reduced sampling time to half.,NA,NA,20230112_1010_STTD_DRIFT,Drift Invertebrates,4.3999999999999595E-3,<0.001,N,NA,NA,NA,,,,
20,STTD_2023-01-12 10:10:00,NA,STTD,1/12/2023,3,10:10:00,1/12/2023 10:10,D,3,NA,Surface Irradiance changed to 1794.9 was 1764.9,Y,500,NA,NA,1,5,Reg,860192,866218,Reduced sampling time to half.,NA,NA,20230112_1010_STTD_DRIFT,Drift Invertebrates,1.2199999999999989E-2,4.0999999999997705E-3,N,NA,NA,NA,,,,
21,STTD_2023-01-12 10:10:00,NA,STTD,1/12/2023,3,10:10:00,1/12/2023 10:10,D,3,NA,Surface Irradiance changed to 1794.9 was 1764.9,Y,500,NA,NA,1,5,Reg,860192,866218,Reduced sampling time to half.,NA,NA,20230112_1010_STTD_DRIFT,Drift Invertebrates,1.4000000000002899E-3,<0.001,N,NA,NA,NA,,,,
22,STTD_2023-01-12 10:10:00,NA,STTD,1/12/2023,3,10:10:00,1/12/2023 10:10,D,3,NA,Surface Irradiance changed to 1794.9 was 1764.9,Y,500,NA,NA,1,5,Reg,860192,866218,Reduced sampling time to half.,NA,NA,20230112_1010_STTD_DRIFT,Drift Invertebrates,4.9000000000001265E-3,<0.001,N,NA,NA,NA,,,,
23,STTD_2023-01-12 10:10:00,NA,STTD,1/12/2023,3,10:10:00,1/12/2023 10:10,D,3,NA,Surface Irradiance changed to 1794.9 was 1764.9,Y,500,NA,NA,1,5,Reg,860192,866218,Reduced sampling time to half.,NA,NA,20230112_1010_STTD_DRIFT,Drift Invertebrates,5.8000000000002494E-3,<0.001,N,NA,NA,NA,,,,
24,STTD_2023-01-12 10:10:00,NA,STTD,1/12/2023,3,10:10:00,1/12/2023 10:10,D,3,NA,Surface Irradiance changed to 1794.9 was 1764.9,Y,500,NA,NA,1,5,Reg,860192,866218,Reduced sampling time to half.,NA,NA,20230112_1010_STTD_DRIFT,Drift Invertebrates,8.1000000000002181E-3,<0.001,N,NA,NA,NA,,,,
25,STTD_2023-01-12 10:10:00,NA,STTD,1/12/2023,3,10:10:00,1/12/2023 10:10,D,3,NA,Surface Irradiance changed to 1794.9 was 1764.9,Y,500,NA,NA,1,5,Reg,860192,866218,Reduced sampling time to half.,NA,NA,20230112_1010_STTD_DRIFT,Drift Invertebrates,1.1000000000001009E-3,<0.001,N,NA,NA,NA,,,,
26,STTD_2023-01-12 10:10:00,NA,STTD,1/12/2023,3,10:10:00,1/12/2023 10:10,D,3,NA,Surface Irradiance changed to 1794.9 was 1764.9,Y,500,NA,NA,1,5,Reg,860192,866218,Reduced sampling time to half.,NA,NA,20230112_1010_STTD_DRIFT,Drift Invertebrates,2.2999999999999687E-3,<0.001,N,NA,NA,NA,,,,
27,STTD_2023-01-12 10:10:00,NA,STTD,1/12/2023,3,10:10:00,1/12/2023 10:10,D,3,NA,Surface Irradiance changed to 1794.9 was 1764.9,Y,500,NA,NA,1,5,Reg,860192,866218,Reduced sampling time to half.,NA,NA,20230112_1010_STTD_DRIFT,Drift Invertebrates,1.4999999999996128E-3,<0.001,N,NA,NA,NA,,,,
28,SHR_2023-01-23 09:22:00,NA,SHR,1/23/2023,1,9:22:00,1/23/2023 9:22,D,1,"Flow may not be over bank, but water is receeding from overtopping event (to account for 10d post overtopping).",NA,N,500,NA,NA,1,10,Low,894448,887602,Velocity @FPT CDEC station was ~3.10ft/sec morning of sampling.,NA,NA,20230123_922_SHR_DRIFT,Drift Invertebrates,<0.001,<0.001,N,NA,NA,NA,,,,
29,SHR_2023-01-23 09:22:00,NA,SHR,1/23/2023,1,9:22:00,1/23/2023 9:22,D,1,"Flow may not be over bank, but water is receeding from overtopping event (to account for 10d post overtopping).",NA,N,500,NA,NA,1,10,Low,894448,887602,Velocity @FPT CDEC station was ~3.10ft/sec morning of sampling.,NA,NA,20230123_922_SHR_DRIFT,Drift Invertebrates,5.1999999999998714E-3,<0.001,N,NA,NA,NA,,,,
30,SHR_2023-01-23 09:22:00,NA,SHR,1/23/2023,1,9:22:00,1/23/2023 9:22,D,1,"Flow may not be over bank, but water is receeding from overtopping event (to account for 10d post overtopping).",NA,N,500,NA,NA,1,10,Low,894448,887602,Velocity @FPT CDEC station was ~3.10ft/sec morning of sampling.,NA,NA,20230123_922_SHR_DRIFT,Drift Invertebrates,1.3000000000000789E-3,<0.001,N,NA,NA,NA,,,,
31,STTD_2023-03-16 09:34:00,NA,STTD,3/16/2023,3,9:34:00,3/16/2023 9:34,D,2,NA,NA,Y,500,NA,NA,1,5,Reg,1100,4464,Reduced tow time 1/2. RSTR moved to side of channel & sampled on port side,NA,NA,20230316_934_STTD_DRIFT,Drift Invertebrates,<0.001,<0.001,N,NA,NA,NA,,,,
32,STTD_2023-03-16 09:34:00,NA,STTD,3/16/2023,3,9:34:00,3/16/2023 9:34,D,2,NA,NA,Y,500,NA,NA,1,5,Reg,1100,4464,Reduced tow time 1/2. RSTR moved to side of channel & sampled on port side,NA,NA,20230316_934_STTD_DRIFT,Drift Invertebrates,1.3999999999998458E-3,<0.001,N,NA,NA,NA,,,,
33,STTD_2023-03-16 09:34:00,NA,STTD,3/16/2023,3,9:34:00,3/16/2023 9:34,D,2,NA,NA,Y,500,NA,NA,1,5,Reg,1100,4464,Reduced tow time 1/2. RSTR moved to side of channel & sampled on port side,NA,NA,20230316_934_STTD_DRIFT,Drift Invertebrates,1.1000000000001009E-3,<0.001,N,NA,NA,NA,,,,
34,SHR_2023-03-17 08:34:00,NA,SHR,3/17/2023,3,8:34:00,3/17/2023 8:34,D,1,Strong flow velocity.,NA,N,500,NA,NA,1,10,Reg,4900,21995,Sampled from Sherwood Harbor,NA,NA,20230317_834_SHR_DRIFT,Drift Invertebrates,<0.001,<0.001,N,NA,NA,NA,,,,
35,SHR_2023-03-17 08:34:00,NA,SHR,3/17/2023,3,8:34:00,3/17/2023 8:34,D,1,Strong flow velocity.,NA,N,500,NA,NA,1,10,Reg,4900,21995,Sampled from Sherwood Harbor,NA,NA,20230317_834_SHR_DRIFT,Drift Invertebrates,2.5699999999999612E-2,3.9999999999995595E-3,N,NA,NA,NA,,,,
36,SHR_2023-03-17 08:34:00,NA,SHR,3/17/2023,3,8:34:00,3/17/2023 8:34,D,1,Strong flow velocity.,NA,N,500,NA,NA,1,10,Reg,4900,21995,Sampled from Sherwood Harbor,NA,NA,20230317_834_SHR_DRIFT,Drift Invertebrates,1.7000000000000348E-3,<0.001,N,NA,NA,NA,,,,
37,SHR_2023-03-17 08:34:00,NA,SHR,3/17/2023,3,8:34:00,3/17/2023 8:34,D,1,Strong flow velocity.,NA,N,500,NA,NA,1,10,Reg,4900,21995,Sampled from Sherwood Harbor,NA,NA,20230317_834_SHR_DRIFT,Drift Invertebrates,1.000000000000334E-3,<0.001,N,NA,NA,NA,,,,
38,SHR_2023-03-17 08:34:00,NA,SHR,3/17/2023,3,8:34:00,3/17/2023 8:34,D,1,Strong flow velocity.,NA,N,500,NA,NA,1,10,Reg,4900,21995,Sampled from Sherwood Harbor,NA,NA,20230317_834_SHR_DRIFT,Drift Invertebrates,1.3000000000000789E-3,<0.001,N,NA,NA,NA,,,,
39,SHR_2023-03-17 08:34:00,NA,SHR,3/17/2023,3,8:34:00,3/17/2023 8:34,D,1,Strong flow velocity.,NA,N,500,NA,NA,1,10,Reg,4900,21995,Sampled from Sherwood Harbor,NA,NA,20230317_834_SHR_DRIFT,Drift Invertebrates,3.0999999999998806E-3,<0.001,N,NA,NA,NA,,,,
40,SHR_2023-04-03 07:01:00,NA,SHR,4/3/2023,3,7:01:00,4/3/2023 7:01,D,1,lots of sediment in water,Changed sp.cond from 113 to 133,N,500,NA,NA,1,10,Low,58131,51221,Lots of sediment in water,NA,NA,20230403_701_SHR_DRIFT,Drift Invertebrates,1.3999999999998458E-3,<0.001,N,NA,NA,NA,,,,
41,SHR_2023-04-03 07:01:00,NA,SHR,4/3/2023,3,7:01:00,4/3/2023 7:01,D,1,lots of sediment in water,Changed sp.cond from 113 to 133,N,500,NA,NA,1,10,Low,58131,51221,Lots of sediment in water,NA,NA,20230403_701_SHR_DRIFT,Drift Invertebrates,<0.001,<0.001,N,NA,NA,NA,,,,
42,SHR_2023-04-03 07:01:00,NA,SHR,4/3/2023,3,7:01:00,4/3/2023 7:01,D,1,lots of sediment in water,Changed sp.cond from 113 to 133,N,500,NA,NA,1,10,Low,58131,51221,Lots of sediment in water,NA,NA,20230403_701_SHR_DRIFT,Drift Invertebrates,1.1000000000001009E-3,<0.001,N,NA,NA,NA,,,,
43,SHR_2023-04-03 07:01:00,NA,SHR,4/3/2023,3,7:01:00,4/3/2023 7:01,D,1,lots of sediment in water,Changed sp.cond from 113 to 133,N,500,NA,NA,1,10,Low,58131,51221,Lots of sediment in water,NA,NA,20230403_701_SHR_DRIFT,Drift Invertebrates,2.2999999999999687E-3,<0.001,N,NA,NA,NA,,,,
44,SHR_2023-05-02 09:37:00,NA,SHR,5/2/2023,3,9:37:00,5/2/2023 9:37,D,1,Cloudy for light attenuation,NA,N,500,NA,NA,1,10,Low,5033,989491,Went around the horn on flowmeter revs (3266 revs),NA,NA,20230502_937_SHR_DRIFT,Drift Invertebrates,<0.001,<0.001,N,NA,NA,NA,,,,
45,SHR_2023-05-02 09:37:00,NA,SHR,5/2/2023,3,9:37:00,5/2/2023 9:37,D,1,Cloudy for light attenuation,NA,N,500,NA,NA,1,10,Low,5033,989491,Went around the horn on flowmeter revs (3266 revs),NA,NA,20230502_937_SHR_DRIFT,Drift Invertebrates,2.6999999999999247E-3,<0.001,N,NA,NA,NA,,,,
46,SHR_2023-05-02 09:37:00,NA,SHR,5/2/2023,3,9:37:00,5/2/2023 9:37,D,1,Cloudy for light attenuation,NA,N,500,NA,NA,1,10,Low,5033,989491,Went around the horn on flowmeter revs (3266 revs),NA,NA,20230502_937_SHR_DRIFT,Drift Invertebrates,1.000000000000334E-3,<0.001,N,NA,NA,NA,,,,
47,SHR_2023-05-02 09:37:00,NA,SHR,5/2/2023,3,9:37:00,5/2/2023 9:37,D,1,Cloudy for light attenuation,NA,N,500,NA,NA,1,10,Low,5033,989491,Went around the horn on flowmeter revs (3266 revs),NA,NA,20230502_937_SHR_DRIFT,Drift Invertebrates,<0.001,<0.001,Y,NA,NA,NA,,,,
48,SHR_2023-05-31 08:06:00,NA,SHR,5/31/2023,1,8:06:00,5/31/2023 8:06,D,1,Strong current. Heavy silt,NA,N,500,NA,NA,1,10,Low,968241,957202,Boat motor used,NA,NA,20230531_806_SHR_DRIFT,Drift Invertebrates,<0.001,<0.001,N,NA,NA,NA,,,,
49,SHR_2023-05-31 08:06:00,NA,SHR,5/31/2023,1,8:06:00,5/31/2023 8:06,D,1,Strong current. Heavy silt,NA,N,500,NA,NA,1,10,Low,968241,957202,Boat motor used,NA,NA,20230531_806_SHR_DRIFT,Drift Invertebrates,2.5999999999997137E-3,<0.001,Y,NA,NA,NA,,,,
50,SHR_2023-05-31 08:06:00,NA,SHR,5/31/2023,1,8:06:00,5/31/2023 8:06,D,1,Strong current. Heavy silt,NA,N,500,NA,NA,1,10,Low,968241,957202,Boat motor used,NA,NA,20230531_806_SHR_DRIFT,Drift Invertebrates,3.6999999999998145E-3,<0.001,N,NA,NA,NA,,,,
51,SHR_2023-05-31 08:06:00,NA,SHR,5/31/2023,1,8:06:00,5/31/2023 8:06,D,1,Strong current. Heavy silt,NA,N,500,NA,NA,1,10,Low,968241,957202,Boat motor used,NA,NA,20230531_806_SHR_DRIFT,Drift Invertebrates,3.0000000000001137E-3,<0.001,N,NA,NA,NA,,,,
52,SHR_2023-05-31 08:06:00,NA,SHR,5/31/2023,1,8:06:00,5/31/2023 8:06,D,1,Strong current. Heavy silt,NA,N,500,NA,NA,1,10,Low,968241,957202,Boat motor used,NA,NA,20230531_806_SHR_DRIFT,Drift Invertebrates,3.4000000000000696E-3,<0.001,N,NA,NA,NA,,,,
53,SHR_2023-05-31 08:06:00,NA,SHR,5/31/2023,1,8:06:00,5/31/2023 8:06,D,1,Strong current. Heavy silt,NA,N,500,NA,NA,1,10,Low,968241,957202,Boat motor used,NA,NA,20230531_806_SHR_DRIFT,Drift Invertebrates,2.8999999999999027E-3,<0.001,N,NA,NA,NA,,,,
54,SHR_2023-05-31 08:06:00,NA,SHR,5/31/2023,1,8:06:00,5/31/2023 8:06,D,1,Strong current. Heavy silt,NA,N,500,NA,NA,1,10,Low,968241,957202,Boat motor used,NA,NA,20230531_806_SHR_DRIFT,Drift Invertebrates,1.5000000000000568E-3,<0.001,Y,NA,NA,NA,,,,
55,SHR_2023-05-31 08:06:00,NA,SHR,5/31/2023,1,8:06:00,5/31/2023 8:06,D,1,Strong current. Heavy silt,NA,N,500,NA,NA,1,10,Low,968241,957202,Boat motor used,NA,NA,20230531_806_SHR_DRIFT,Drift Invertebrates,3.7000000000002586E-3,<0.001,N,NA,NA,NA,,,,
56,SHR_2023-05-31 08:06:00,NA,SHR,5/31/2023,1,8:06:00,5/31/2023 8:06,D,1,Strong current. Heavy silt,NA,N,500,NA,NA,1,10,Low,968241,957202,Boat motor used,NA,NA,20230531_806_SHR_DRIFT,Drift Invertebrates,3.7400000000000322E-2,1.1900000000000244E-2,Y,NA,NA,NA,,,,
57,SHR_2023-05-31 08:06:00,NA,SHR,5/31/2023,1,8:06:00,5/31/2023 8:06,D,1,Strong current. Heavy silt,NA,N,500,NA,NA,1,10,Low,968241,957202,Boat motor used,NA,NA,20230531_806_SHR_DRIFT,Drift Invertebrates,3.2000000000000917E-3,<0.001,N,NA,NA,NA,,,,
58,SHR_2023-05-31 08:06:00,NA,SHR,5/31/2023,1,8:06:00,5/31/2023 8:06,D,1,Strong current. Heavy silt,NA,N,500,NA,NA,1,10,Low,968241,957202,Boat motor used,NA,NA,20230531_806_SHR_DRIFT,Drift Invertebrates,1.1000000000001009E-3,<0.001,N,NA,NA,NA,,,,
59,SHR_2023-05-31 08:06:00,NA,SHR,5/31/2023,1,8:06:00,5/31/2023 8:06,D,1,Strong current. Heavy silt,NA,N,500,NA,NA,1,10,Low,968241,957202,Boat motor used,NA,NA,20230531_806_SHR_DRIFT,Drift Invertebrates,2.6000000000001577E-3,<0.001,N,NA,NA,NA,,,,
60,SHR_2023-05-31 08:06:00,NA,SHR,5/31/2023,1,8:06:00,5/31/2023 8:06,D,1,Strong current. Heavy silt,NA,N,500,NA,NA,1,10,Low,968241,957202,Boat motor used,NA,NA,20230531_806_SHR_DRIFT,Drift Invertebrates,5.3999999999998494E-3,<0.001,N,NA,NA,NA,,,,
61,SHR_2023-06-27 08:53:00,NA,SHR,6/27/2023,2,8:53:00,6/27/2023 8:53,D,1,last measurement recorded at total depth of pole (2.19m).,NA,N,500,NA,NA,1,10,Low,993386,985887,live zoop tow:10 mins,NA,NA,20230627_853_SHR_DRIFT,Drift Invertebrates,<0.001,<0.001,N,NA,NA,NA,,,,
62,SHR_2023-06-27 08:53:00,NA,SHR,6/27/2023,2,8:53:00,6/27/2023 8:53,D,1,last measurement recorded at total depth of pole (2.19m).,NA,N,500,NA,NA,1,10,Low,993386,985887,live zoop tow:10 mins,NA,NA,20230627_853_SHR_DRIFT,Drift Invertebrates,2.4999999999999467E-3,<0.001,N,NA,NA,NA,,,,
63,STTD_2023-07-10 10:55:00,NA,STTD,7/10/2023,2,10:55:00,7/10/2023 10:55,U,2,NA,NA,N,500,NA,NA,1,10,Low,985777,974573,John boat trolling motor,NA,NA,20230710_1055_STTD_DRIFT,Drift Invertebrates,4.2100000000000026E-2,1.2100000000000222E-2,N,NA,NA,NA,,,,
64,STTD_2023-07-10 10:55:00,NA,STTD,7/10/2023,2,10:55:00,7/10/2023 10:55,U,2,NA,NA,N,500,NA,NA,1,10,Low,985777,974573,John boat trolling motor,NA,NA,20230710_1055_STTD_DRIFT,Drift Invertebrates,<0.001,<0.001,Y,NA,NA,NA,,,,
65,STTD_2023-07-10 10:55:00,NA,STTD,7/10/2023,2,10:55:00,7/10/2023 10:55,U,2,NA,NA,N,500,NA,NA,1,10,Low,985777,974573,John boat trolling motor,NA,NA,20230710_1055_STTD_DRIFT,Drift Invertebrates,4.7000000000001485E-3,1.1000000000001009E-3,N,NA,NA,NA,,,,
66,STTD_2023-07-10 10:55:00,NA,STTD,7/10/2023,2,10:55:00,7/10/2023 10:55,U,2,NA,NA,N,500,NA,NA,1,10,Low,985777,974573,John boat trolling motor,NA,NA,20230710_1055_STTD_DRIFT,Drift Invertebrates,<0.001,<0.001,N,NA,NA,NA,,,,
67,STTD_2023-07-10 10:55:00,NA,STTD,7/10/2023,2,10:55:00,7/10/2023 10:55,U,2,NA,NA,N,500,NA,NA,1,10,Low,985777,974573,John boat trolling motor,NA,NA,20230710_1055_STTD_DRIFT,Drift Invertebrates,2.8999999999999027E-3,<0.001,N,NA,NA,NA,,,,
68,STTD_2023-07-10 10:55:00,NA,STTD,7/10/2023,2,10:55:00,7/10/2023 10:55,U,2,NA,NA,N,500,NA,NA,1,10,Low,985777,974573,John boat trolling motor,NA,NA,20230710_1055_STTD_DRIFT,Drift Invertebrates,1.3999999999998458E-3,<0.001,N,NA,NA,NA,,,,
69,STTD_2023-07-10 10:55:00,NA,STTD,7/10/2023,2,10:55:00,7/10/2023 10:55,U,2,NA,NA,N,500,NA,NA,1,10,Low,985777,974573,John boat trolling motor,NA,NA,20230710_1055_STTD_DRIFT,Drift Invertebrates,1.5000000000000568E-3,<0.001,N,NA,NA,NA,,,,
70,STTD_2023-07-10 10:55:00,NA,STTD,7/10/2023,2,10:55:00,7/10/2023 10:55,U,2,NA,NA,N,500,NA,NA,1,10,Low,985777,974573,John boat trolling motor,NA,NA,20230710_1055_STTD_DRIFT,Drift Invertebrates,3.6999999999998145E-3,<0.001,Y,NA,NA,NA,,,,
71,STTD_2023-07-10 10:55:00,NA,STTD,7/10/2023,2,10:55:00,7/10/2023 10:55,U,2,NA,NA,N,500,NA,NA,1,10,Low,985777,974573,John boat trolling motor,NA,NA,20230710_1055_STTD_DRIFT,Drift Invertebrates,2.0999999999999908E-3,<0.001,N,NA,NA,NA,,,,
72,STTD_2023-07-10 10:55:00,NA,STTD,7/10/2023,2,10:55:00,7/10/2023 10:55,U,2,NA,NA,N,500,NA,NA,1,10,Low,985777,974573,John boat trolling motor,NA,NA,20230710_1055_STTD_DRIFT,Drift Invertebrates,2.2000000000002018E-3,<0.001,N,NA,NA,NA,,,,
73,STTD_2023-07-10 10:55:00,NA,STTD,7/10/2023,2,10:55:00,7/10/2023 10:55,U,2,NA,NA,N,500,NA,NA,1,10,Low,985777,974573,John boat trolling motor,NA,NA,20230710_1055_STTD_DRIFT,Drift Invertebrates,1.7999999999998018E-3,<0.001,N,NA,NA,NA,,,,
74,STTD_2023-07-10 10:55:00,NA,STTD,7/10/2023,2,10:55:00,7/10/2023 10:55,U,2,NA,NA,N,500,NA,NA,1,10,Low,985777,974573,John boat trolling motor,NA,NA,20230710_1055_STTD_DRIFT,Drift Invertebrates,1.3000000000000789E-3,<0.001,N,NA,NA,NA,,,,
75,STTD_2023-07-10 10:55:00,NA,STTD,7/10/2023,2,10:55:00,7/10/2023 10:55,U,2,NA,NA,N,500,NA,NA,1,10,Low,985777,974573,John boat trolling motor,NA,NA,20230710_1055_STTD_DRIFT,Drift Invertebrates,3.8499999999999979E-2,1.2100000000000222E-2,N,NA,NA,NA,,,,
76,STTD_2023-07-10 10:55:00,NA,STTD,7/10/2023,2,10:55:00,7/10/2023 10:55,U,2,NA,NA,N,500,NA,NA,1,10,Low,985777,974573,John boat trolling motor,NA,NA,20230710_1055_STTD_DRIFT,Drift Invertebrates,7.4999999999998401E-3,1.1999999999998678E-3,Y,NA,NA,NA,,,,
77,STTD_2023-07-10 10:55:00,NA,STTD,7/10/2023,2,10:55:00,7/10/2023 10:55,U,2,NA,NA,N,500,NA,NA,1,10,Low,985777,974573,John boat trolling motor,NA,NA,20230710_1055_STTD_DRIFT,Drift Invertebrates,2.2999999999999687E-3,<0.001,N,NA,NA,NA,,,,
78,STTD_2023-07-10 10:55:00,NA,STTD,7/10/2023,2,10:55:00,7/10/2023 10:55,U,2,NA,NA,N,500,NA,NA,1,10,Low,985777,974573,John boat trolling motor,NA,NA,20230710_1055_STTD_DRIFT,Drift Invertebrates,1.5200000000000102E-2,3.2000000000000917E-3,N,NA,NA,NA,,,,
79,STTD_2023-07-10 10:55:00,NA,STTD,7/10/2023,2,10:55:00,7/10/2023 10:55,U,2,NA,NA,N,500,NA,NA,1,10,Low,985777,974573,John boat trolling motor,NA,NA,20230710_1055_STTD_DRIFT,Drift Invertebrates,8.6899999999999977E-2,3.2399999999999984E-2,N,NA,NA,NA,,,,
80,STTD_2023-07-10 10:55:00,NA,STTD,7/10/2023,2,10:55:00,7/10/2023 10:55,U,2,NA,NA,N,500,NA,NA,1,10,Low,985777,974573,John boat trolling motor,NA,NA,20230710_1055_STTD_DRIFT,Drift Invertebrates,4.1000000000002146E-3,<0.001,N,NA,NA,NA,,,,
81,STTD_2023-07-10 10:55:00,NA,STTD,7/10/2023,2,10:55:00,7/10/2023 10:55,U,2,NA,NA,N,500,NA,NA,1,10,Low,985777,974573,John boat trolling motor,NA,NA,20230710_1055_STTD_DRIFT,Drift Invertebrates,2.0399999999999974E-2,4.3999999999999595E-3,N,NA,NA,NA,,,,
82,STTD_2023-08-08 11:30:00,NA,STTD,8/8/2023,3,11:30:00,8/8/2023 11:30,U,2,Forgot light attenuation meter @ office. None taken.,NA,N,500,NA,NA,1,10,Low,949368,938722,John boat w/ motor,NA,NA,20230808_1130_STTD_DRIFT,Drift Invertebrates,1.1000000000001009E-3,<0.001,N,NA,NA,NA,,,,
83,STTD_2023-08-08 11:30:00,NA,STTD,8/8/2023,3,11:30:00,8/8/2023 11:30,U,2,Forgot light attenuation meter @ office. None taken.,NA,N,500,NA,NA,1,10,Low,949368,938722,John boat w/ motor,NA,NA,20230808_1130_STTD_DRIFT,Drift Invertebrates,<0.001,<0.001,N,NA,NA,NA,,,,
84,STTD_2023-08-08 11:30:00,NA,STTD,8/8/2023,3,11:30:00,8/8/2023 11:30,U,2,Forgot light attenuation meter @ office. None taken.,NA,N,500,NA,NA,1,10,Low,949368,938722,John boat w/ motor,NA,NA,20230808_1130_STTD_DRIFT,Drift Invertebrates,0.10739999999999972,3.8699999999999957E-2,N,NA,NA,NA,,,,
85,STTD_2023-08-08 11:30:00,NA,STTD,8/8/2023,3,11:30:00,8/8/2023 11:30,U,2,Forgot light attenuation meter @ office. None taken.,NA,N,500,NA,NA,1,10,Low,949368,938722,John boat w/ motor,NA,NA,20230808_1130_STTD_DRIFT,Drift Invertebrates,2.8099999999999792E-2,1.2599999999999945E-2,N,NA,NA,NA,,,,
86,STTD_2023-08-08 11:30:00,NA,STTD,8/8/2023,3,11:30:00,8/8/2023 11:30,U,2,Forgot light attenuation meter @ office. None taken.,NA,N,500,NA,NA,1,10,Low,949368,938722,John boat w/ motor,NA,NA,20230808_1130_STTD_DRIFT,Drift Invertebrates,5.4800000000000182E-2,3.2500000000000195E-2,N,NA,NA,NA,,,,
87,STTD_2023-08-08 11:30:00,NA,STTD,8/8/2023,3,11:30:00,8/8/2023 11:30,U,2,Forgot light attenuation meter @ office. None taken.,NA,N,500,NA,NA,1,10,Low,949368,938722,John boat w/ motor,NA,NA,20230808_1130_STTD_DRIFT,Drift Invertebrates,1.7000000000000348E-3,<0.001,N,NA,NA,NA,,,,
88,STTD_2023-08-08 11:30:00,NA,STTD,8/8/2023,3,11:30:00,8/8/2023 11:30,U,2,Forgot light attenuation meter @ office. None taken.,NA,N,500,NA,NA,1,10,Low,949368,938722,John boat w/ motor,NA,NA,20230808_1130_STTD_DRIFT,Drift Invertebrates,1.2700000000000156E-2,2.4000000000001798E-3,N,NA,NA,NA,,,,
89,STTD_2023-08-08 11:30:00,NA,STTD,8/8/2023,3,11:30:00,8/8/2023 11:30,U,2,Forgot light attenuation meter @ office. None taken.,NA,N,500,NA,NA,1,10,Low,949368,938722,John boat w/ motor,NA,NA,20230808_1130_STTD_DRIFT,Drift Invertebrates,1.9000000000000128E-3,<0.001,N,NA,NA,NA,,,,
90,STTD_2023-08-08 11:30:00,NA,STTD,8/8/2023,3,11:30:00,8/8/2023 11:30,U,2,Forgot light attenuation meter @ office. None taken.,NA,N,500,NA,NA,1,10,Low,949368,938722,John boat w/ motor,NA,NA,20230808_1130_STTD_DRIFT,Drift Invertebrates,1.4000000000002899E-3,<0.001,N,NA,NA,NA,,,,
91,STTD_2023-08-08 11:30:00,NA,STTD,8/8/2023,3,11:30:00,8/8/2023 11:30,U,2,Forgot light attenuation meter @ office. None taken.,NA,N,500,NA,NA,1,10,Low,949368,938722,John boat w/ motor,NA,NA,20230808_1130_STTD_DRIFT,Drift Invertebrates,1.4599999999999724E-2,3.3999999999996255E-3,N,NA,NA,NA,,,,
92,STTD_2023-08-08 11:30:00,NA,STTD,8/8/2023,3,11:30:00,8/8/2023 11:30,U,2,Forgot light attenuation meter @ office. None taken.,NA,N,500,NA,NA,1,10,Low,949368,938722,John boat w/ motor,NA,NA,20230808_1130_STTD_DRIFT,Drift Invertebrates,1.3000000000000789E-3,<0.001,N,NA,NA,NA,,,,
93,STTD_2023-08-08 11:30:00,NA,STTD,8/8/2023,3,11:30:00,8/8/2023 11:30,U,2,Forgot light attenuation meter @ office. None taken.,NA,N,500,NA,NA,1,10,Low,949368,938722,John boat w/ motor,NA,NA,20230808_1130_STTD_DRIFT,Drift Invertebrates,0.17749999999999977,4.9399999999999888E-2,N,NA,NA,NA,,,,
94,STTD_2023-08-08 11:30:00,NA,STTD,8/8/2023,3,11:30:00,8/8/2023 11:30,U,2,Forgot light attenuation meter @ office. None taken.,NA,N,500,NA,NA,1,10,Low,949368,938722,John boat w/ motor,NA,NA,20230808_1130_STTD_DRIFT,Drift Invertebrates,8.3000000000001961E-3,1.5000000000000568E-3,N,NA,NA,NA,,,,
95,STTD_2023-08-08 11:30:00,NA,STTD,8/8/2023,3,11:30:00,8/8/2023 11:30,U,2,Forgot light attenuation meter @ office. None taken.,NA,N,500,NA,NA,1,10,Low,949368,938722,John boat w/ motor,NA,NA,20230808_1130_STTD_DRIFT,Drift Invertebrates,1.9200000000000106E-2,4.0000000000000036E-3,N,NA,NA,NA,,,,
96,STTD_2023-08-08 11:30:00,NA,STTD,8/8/2023,3,11:30:00,8/8/2023 11:30,U,2,Forgot light attenuation meter @ office. None taken.,NA,N,500,NA,NA,1,10,Low,949368,938722,John boat w/ motor,NA,NA,20230808_1130_STTD_DRIFT,Drift Invertebrates,4.8300000000000232E-2,1.089999999999991E-2,N,NA,NA,NA,,,,
97,STTD_2023-08-08 11:30:00,NA,STTD,8/8/2023,3,11:30:00,8/8/2023 11:30,U,2,Forgot light attenuation meter @ office. None taken.,NA,N,500,NA,NA,1,10,Low,949368,938722,John boat w/ motor,NA,NA,20230808_1130_STTD_DRIFT,Drift Invertebrates,2.1999999999997577E-3,<0.001,N,NA,NA,NA,,,,
98,STTD_2023-08-08 11:30:00,NA,STTD,8/8/2023,3,11:30:00,8/8/2023 11:30,U,2,Forgot light attenuation meter @ office. None taken.,NA,N,500,NA,NA,1,10,Low,949368,938722,John boat w/ motor,NA,NA,20230808_1130_STTD_DRIFT,Drift Invertebrates,0.11639999999999961,1.6199999999999992E-2,N,NA,NA,NA,,,,
99,STTD_2023-10-03 11:03:00,NA,STTD,10/3/2023,1,11:03:00,10/3/2023 11:03,D,2,End of pole on light attenuation.,corrected 25% surface irradiance from 424.6 to 434.6,N,500,NA,NA,1,10,Low,879034,875929,Off screw trap on ebb tide,NA,NA,20231003_1103_STTD_DRIFT,Drift Invertebrates,<0.001,<0.001,N,NA,NA,NA,,,,
100,STTD_2023-10-03 11:03:00,NA,STTD,10/3/2023,1,11:03:00,10/3/2023 11:03,D,2,End of pole on light attenuation.,corrected 25% surface irradiance from 424.6 to 434.6,N,500,NA,NA,1,10,Low,879034,875929,Off screw trap on ebb tide,NA,NA,20231003_1103_STTD_DRIFT,Drift Invertebrates,4.5999999999999375E-3,<0.001,N,NA,NA,NA,,,,
101,STTD_2023-10-03 11:03:00,NA,STTD,10/3/2023,1,11:03:00,10/3/2023 11:03,D,2,End of pole on light attenuation.,corrected 25% surface irradiance from 424.6 to 434.6,N,500,NA,NA,1,10,Low,879034,875929,Off screw trap on ebb tide,NA,NA,20231003_1103_STTD_DRIFT,Drift Invertebrates,4.7999999999999154E-3,<0.001,N,NA,NA,NA,,,,
102,STTD_2023-10-03 11:03:00,NA,STTD,10/3/2023,1,11:03:00,10/3/2023 11:03,D,2,End of pole on light attenuation.,corrected 25% surface irradiance from 424.6 to 434.6,N,500,NA,NA,1,10,Low,879034,875929,Off screw trap on ebb tide,NA,NA,20231003_1103_STTD_DRIFT,Drift Invertebrates,3.7000000000002586E-3,<0.001,N,NA,NA,NA,,,,
103,STTD_2023-10-03 11:03:00,NA,STTD,10/3/2023,1,11:03:00,10/3/2023 11:03,D,2,End of pole on light attenuation.,corrected 25% surface irradiance from 424.6 to 434.6,N,500,NA,NA,1,10,Low,879034,875929,Off screw trap on ebb tide,NA,NA,20231003_1103_STTD_DRIFT,Drift Invertebrates,1.3999999999998458E-3,<0.001,N,NA,NA,NA,,,,
104,STTD_2023-10-03 11:03:00,NA,STTD,10/3/2023,1,11:03:00,10/3/2023 11:03,D,2,End of pole on light attenuation.,corrected 25% surface irradiance from 424.6 to 434.6,N,500,NA,NA,1,10,Low,879034,875929,Off screw trap on ebb tide,NA,NA,20231003_1103_STTD_DRIFT,Drift Invertebrates,1.2000000000003119E-3,<0.001,N,NA,NA,NA,,,,
105,STTD_2023-10-03 11:03:00,NA,STTD,10/3/2023,1,11:03:00,10/3/2023 11:03,D,2,End of pole on light attenuation.,corrected 25% surface irradiance from 424.6 to 434.6,N,500,NA,NA,1,10,Low,879034,875929,Off screw trap on ebb tide,NA,NA,20231003_1103_STTD_DRIFT,Drift Invertebrates,4.0000000000000036E-3,<0.001,N,NA,NA,NA,,,,
106,STTD_2023-10-03 11:03:00,NA,STTD,10/3/2023,1,11:03:00,10/3/2023 11:03,D,2,End of pole on light attenuation.,corrected 25% surface irradiance from 424.6 to 434.6,N,500,NA,NA,1,10,Low,879034,875929,Off screw trap on ebb tide,NA,NA,20231003_1103_STTD_DRIFT,Drift Invertebrates,5.3000000000000824E-3,<0.001,N,NA,NA,NA,,,,
107,STTD_2023-10-03 11:03:00,NA,STTD,10/3/2023,1,11:03:00,10/3/2023 11:03,D,2,End of pole on light attenuation.,corrected 25% surface irradiance from 424.6 to 434.6,N,500,NA,NA,1,10,Low,879034,875929,Off screw trap on ebb tide,NA,NA,20231003_1103_STTD_DRIFT,Drift Invertebrates,1.7000000000000348E-3,<0.001,N,NA,NA,NA,,,,
108,STTD_2023-12-11 09:49:00,NA,STTD,12/11/2023,1,9:49:00,12/11/2023 9:49,D,2,Used electric motor to perform tows- Not enough current. Light attenuation last measurement at total depth of RIVER,NA,N,500,NA,NA,3,10,Low,813053,805388,Used electric motor due to not enough current. Too much in sample. Could not fit everything in bottle.,NA,NA,20231211_949_STTD_DRIFT,Drift Invertebrates,<0.001,<0.001,N,NA,NA,NA,2,SAMP,,
109,STTD_2023-12-11 09:49:00,NA,STTD,12/11/2023,1,9:49:00,12/11/2023 9:49,D,2,Used electric motor to perform tows- Not enough current. Light attenuation last measurement at total depth of RIVER,NA,N,500,NA,NA,3,10,Low,813053,805388,Used electric motor due to not enough current. Too much in sample. Could not fit everything in bottle.,NA,NA,20231211_949_STTD_DRIFT,Drift Invertebrates,4.0000000000000036E-3,<0.001,N,NA,NA,NA,2,SAMP,,
110,STTD_2023-12-11 09:49:00,NA,STTD,12/11/2023,1,9:49:00,12/11/2023 9:49,D,2,Used electric motor to perform tows- Not enough current. Light attenuation last measurement at total depth of RIVER,NA,N,500,NA,NA,3,10,Low,813053,805388,Used electric motor due to not enough current. Too much in sample. Could not fit everything in bottle.,NA,NA,20231211_949_STTD_DRIFT,Drift Invertebrates,5.1299999999999901E-2,2.1599999999999842E-2,N,NA,NA,NA,2,SAMP,,
111,STTD_2023-12-11 09:49:00,NA,STTD,12/11/2023,1,9:49:00,12/11/2023 9:49,D,2,Used electric motor to perform tows- Not enough current. Light attenuation last measurement at total depth of RIVER,NA,N,500,NA,NA,3,10,Low,813053,805388,Used electric motor due to not enough current. Too much in sample. Could not fit everything in bottle.,NA,NA,20231211_949_STTD_DRIFT,Drift Invertebrates,1.3700000000000045E-2,6.2000000000002053E-3,N,NA,NA,NA,2,SAMP,,
112,STTD_2023-12-11 09:49:00,NA,STTD,12/11/2023,1,9:49:00,12/11/2023 9:49,D,2,Used electric motor to perform tows- Not enough current. Light attenuation last measurement at total depth of RIVER,NA,N,500,NA,NA,3,10,Low,813053,805388,Used electric motor due to not enough current. Too much in sample. Could not fit everything in bottle.,NA,NA,20231211_949_STTD_DRIFT,Drift Invertebrates,2.4999999999999467E-3,<0.001,N,NA,NA,NA,2,SAMP,,
113,STTD_2023-12-11 09:49:00,NA,STTD,12/11/2023,1,9:49:00,12/11/2023 9:49,D,2,Used electric motor to perform tows- Not enough current. Light attenuation last measurement at total depth of RIVER,NA,N,500,NA,NA,3,10,Low,813053,805388,Used electric motor due to not enough current. Too much in sample. Could not fit everything in bottle.,NA,NA,20231211_949_STTD_DRIFT,Drift Invertebrates,1.1999999999998678E-3,<0.001,N,NA,NA,NA,2,SAMP,,
114,STTD_2023-12-11 09:49:00,NA,STTD,12/11/2023,1,9:49:00,12/11/2023 9:49,D,2,Used electric motor to perform tows- Not enough current. Light attenuation last measurement at total depth of RIVER,NA,N,500,NA,NA,3,10,Low,813053,805388,Used electric motor due to not enough current. Too much in sample. Could not fit everything in bottle.,NA,NA,20231211_949_STTD_DRIFT,Drift Invertebrates,2.2000000000002018E-3,<0.001,N,NA,NA,NA,2,SAMP,,
115,STTD_2023-12-11 09:49:00,NA,STTD,12/11/2023,1,9:49:00,12/11/2023 9:49,D,2,Used electric motor to perform tows- Not enough current. Light attenuation last measurement at total depth of RIVER,NA,N,500,NA,NA,3,10,Low,813053,805388,Used electric motor due to not enough current. Too much in sample. Could not fit everything in bottle.,NA,NA,20231211_949_STTD_DRIFT,Drift Invertebrates,4.6000000000003816E-3,<0.001,N,NA,NA,NA,2,SAMP,,
116,STTD_2023-12-11 09:49:00,NA,STTD,12/11/2023,1,9:49:00,12/11/2023 9:49,D,2,Used electric motor to perform tows- Not enough current. Light attenuation last measurement at total depth of RIVER,NA,N,500,NA,NA,3,10,Low,813053,805388,Used electric motor due to not enough current. Too much in sample. Could not fit everything in bottle.,NA,NA,20231211_949_STTD_DRIFT,Drift Invertebrates,2.0000000000002238E-3,<0.001,N,NA,NA,NA,2,SAMP,,
117,STTD_2023-12-11 09:49:00,NA,STTD,12/11/2023,1,9:49:00,12/11/2023 9:49,D,2,Used electric motor to perform tows- Not enough current. Light attenuation last measurement at total depth of RIVER,NA,N,500,NA,NA,3,10,Low,813053,805388,Used electric motor due to not enough current. Too much in sample. Could not fit everything in bottle.,NA,NA,20231211_949_STTD_DRIFT,Drift Invertebrates,2.6000000000001577E-3,<0.001,N,NA,NA,NA,2,SAMP,,
118,STTD_2023-12-11 09:49:00,NA,STTD,12/11/2023,1,9:49:00,12/11/2023 9:49,D,2,Used electric motor to perform tows- Not enough current. Light attenuation last measurement at total depth of RIVER,NA,N,500,NA,NA,3,10,Low,813053,805388,Used electric motor due to not enough current. Too much in sample. Could not fit everything in bottle.,NA,NA,20231211_949_STTD_DRIFT,Drift Invertebrates,5.0000000000003375E-3,<0.001,N,NA,NA,NA,2,SAMP,,
119,STTD_2023-12-11 09:49:00,NA,STTD,12/11/2023,1,9:49:00,12/11/2023 9:49,D,2,Used electric motor to perform tows- Not enough current. Light attenuation last measurement at total depth of RIVER,NA,N,500,NA,NA,3,10,Low,813053,805388,Used electric motor due to not enough current. Too much in sample. Could not fit everything in bottle.,NA,NA,20231211_949_STTD_DRIFT,Drift Invertebrates,5.9000000000000163E-3,1.000000000000334E-3,N,NA,NA,NA,2,SAMP,,
120,STTD_2023-12-11 09:49:00,NA,STTD,12/11/2023,1,9:49:00,12/11/2023 9:49,D,2,Used electric motor to perform tows- Not enough current. Light attenuation last measurement at total depth of RIVER,NA,N,500,NA,NA,3,10,Low,813053,805388,Used electric motor due to not enough current. Too much in sample. Could not fit everything in bottle.,NA,NA,20231211_949_STTD_DRIFT,Drift Invertebrates,1.6000000000002679E-3,<0.001,N,NA,NA,NA,2,SAMP,,
121,STTD_2023-12-11 09:49:00,NA,STTD,12/11/2023,1,9:49:00,12/11/2023 9:49,D,2,Used electric motor to perform tows- Not enough current. Light attenuation last measurement at total depth of RIVER,NA,N,500,NA,NA,3,10,Low,813053,805388,Used electric motor due to not enough current. Too much in sample. Could not fit everything in bottle.,NA,NA,20231211_949_STTD_DRIFT,Drift Invertebrates,4.0999999999999925E-2,9.5000000000000639E-3,N,NA,NA,NA,2,SAMP,,
122,SHR_2023-12-27 09:32:00,NA,SHR,12/27/2023,1,9:32:00,12/27/2023 9:32,D,1,Very overcast.,NA,N,500,NA,NA,2,10,Low,789000,778446,Lots of debris,NA,NA,20231227_932_SHR_DRIFT,Drift Invertebrates,3.0999999999998806E-3,<0.001,N,NA,NA,NA,2,SAMP,,
123,SHR_2023-12-27 09:32:00,NA,SHR,12/27/2023,1,9:32:00,12/27/2023 9:32,D,1,Very overcast.,NA,N,500,NA,NA,2,10,Low,789000,778446,Lots of debris,NA,NA,20231227_932_SHR_DRIFT,Drift Invertebrates,<0.001,<0.001,N,NA,NA,NA,2,SAMP,,
124,SHR_2023-12-27 09:32:00,NA,SHR,12/27/2023,1,9:32:00,12/27/2023 9:32,D,1,Very overcast.,NA,N,500,NA,NA,2,10,Low,789000,778446,Lots of debris,NA,NA,20231227_932_SHR_DRIFT,Drift Invertebrates,2.0999999999999908E-3,<0.001,N,NA,NA,NA,2,SAMP,,
125,SHR_2023-12-27 09:32:00,NA,SHR,12/27/2023,1,9:32:00,12/27/2023 9:32,D,1,Very overcast.,NA,N,500,NA,NA,2,10,Low,789000,778446,Lots of debris,NA,NA,20231227_932_SHR_DRIFT,Drift Invertebrates,1.5000000000000568E-3,<0.001,N,NA,NA,NA,2,SAMP,,
126,SHR_2023-12-27 09:32:00,NA,SHR,12/27/2023,1,9:32:00,12/27/2023 9:32,D,1,Very overcast.,NA,N,500,NA,NA,2,10,Low,789000,778446,Lots of debris,NA,NA,20231227_932_SHR_DRIFT,Drift Invertebrates,6.0999999999999943E-3,1.5000000000000568E-3,N,NA,NA,NA,2,SAMP,,
127,SHR_2023-12-27 09:32:00,NA,SHR,12/27/2023,1,9:32:00,12/27/2023 9:32,D,1,Very overcast.,NA,N,500,NA,NA,2,10,Low,789000,778446,Lots of debris,NA,NA,20231227_932_SHR_DRIFT,Drift Invertebrates,3.3000000000003027E-3,<0.001,N,NA,NA,NA,2,SAMP,,
128,SHR_2023-12-27 09:32:00,NA,SHR,12/27/2023,1,9:32:00,12/27/2023 9:32,D,1,Very overcast.,NA,N,500,NA,NA,2,10,Low,789000,778446,Lots of debris,NA,NA,20231227_932_SHR_DRIFT,Drift Invertebrates,1.3999999999998458E-3,<0.001,N,NA,NA,NA,2,SAMP,,
129,SHR_2023-12-27 09:32:00,NA,SHR,12/27/2023,1,9:32:00,12/27/2023 9:32,D,1,Very overcast.,NA,N,500,NA,NA,2,10,Low,789000,778446,Lots of debris,NA,NA,20231227_932_SHR_DRIFT,Drift Invertebrates,1.1800000000000033E-2,3.0000000000001137E-3,N,NA,NA,NA,2,SAMP,,
130,SHR_2023-12-27 09:32:00,NA,SHR,12/27/2023,1,9:32:00,12/27/2023 9:32,D,1,Very overcast.,NA,N,500,NA,NA,2,10,Low,789000,778446,Lots of debris,NA,NA,20231227_932_SHR_DRIFT,Drift Invertebrates,1.6000000000002679E-3,<0.001,N,NA,NA,NA,2,SAMP,,
131,SHR_2023-12-27 09:32:00,NA,SHR,12/27/2023,1,9:32:00,12/27/2023 9:32,D,1,Very overcast.,NA,N,500,NA,NA,2,10,Low,789000,778446,Lots of debris,NA,NA,20231227_932_SHR_DRIFT,Drift Invertebrates,4.5000000000001705E-3,<0.001,N,NA,NA,NA,2,SAMP,,
132,SHR_2023-12-27 09:32:00,NA,SHR,12/27/2023,1,9:32:00,12/27/2023 9:32,D,1,Very overcast.,NA,N,500,NA,NA,2,10,Low,789000,778446,Lots of debris,NA,NA,20231227_932_SHR_DRIFT,Drift Invertebrates,3.6999999999998145E-3,<0.001,N,NA,NA,NA,2,SAMP,,
133,SHR_2023-12-27 09:32:00,NA,SHR,12/27/2023,1,9:32:00,12/27/2023 9:32,D,1,Very overcast.,NA,N,500,NA,NA,2,10,Low,789000,778446,Lots of debris,NA,NA,20231227_932_SHR_DRIFT,Drift Invertebrates,<0.001,<0.001,Y,NA,NA,NA,2,SAMP,,
134,SHR_2023-12-27 09:32:00,NA,SHR,12/27/2023,1,9:32:00,12/27/2023 9:32,D,1,Very overcast.,NA,N,500,NA,NA,2,10,Low,789000,778446,Lots of debris,NA,NA,20231227_932_SHR_DRIFT,Drift Invertebrates,1.7999999999998018E-3,<0.001,N,NA,NA,NA,2,SAMP,,
135,SHR_2023-12-27 09:32:00,NA,SHR,12/27/2023,1,9:32:00,12/27/2023 9:32,D,1,Very overcast.,NA,N,500,NA,NA,2,10,Low,789000,778446,Lots of debris,NA,NA,20231227_932_SHR_DRIFT,Drift Invertebrates,1.440000000000019E-2,3.0000000000001137E-3,N,NA,NA,NA,2,SAMP,,
136,STTD_2024-01-08 09:19:00,NA,STTD,1/8/2024,1,9:19:00,1/8/2024 9:19,D,2,Highly turbid (lots of TSS?),NA,N,500,NA,NA,1,10,Low,778200,770475,Towed from boat-FLD tide,NA,NA,20240108_919_STTD_DRIFT,Drift Invertebrates,<0.001,<0.001,N,NA,NA,NA,,,,
137,STTD_2024-01-08 09:19:00,NA,STTD,1/8/2024,1,9:19:00,1/8/2024 9:19,D,2,Highly turbid (lots of TSS?),NA,N,500,NA,NA,1,10,Low,778200,770475,Towed from boat-FLD tide,NA,NA,20240108_919_STTD_DRIFT,Drift Invertebrates,<0.001,<0.001,Y,NA,NA,NA,,,,
138,STTD_2024-01-08 09:19:00,NA,STTD,1/8/2024,1,9:19:00,1/8/2024 9:19,D,2,Highly turbid (lots of TSS?),NA,N,500,NA,NA,1,10,Low,778200,770475,Towed from boat-FLD tide,NA,NA,20240108_919_STTD_DRIFT,Drift Invertebrates,1.5000000000000568E-3,<0.001,N,NA,NA,NA,,,,
139,STTD_2024-01-08 09:19:00,NA,STTD,1/8/2024,1,9:19:00,1/8/2024 9:19,D,2,Highly turbid (lots of TSS?),NA,N,500,NA,NA,1,10,Low,778200,770475,Towed from boat-FLD tide,NA,NA,20240108_919_STTD_DRIFT,Drift Invertebrates,1.1900000000000022E-2,5.4000000000000714E-3,N,NA,NA,NA,,,,
140,STTD_2024-01-08 09:19:00,NA,STTD,1/8/2024,1,9:19:00,1/8/2024 9:19,D,2,Highly turbid (lots of TSS?),NA,N,500,NA,NA,1,10,Low,778200,770475,Towed from boat-FLD tide,NA,NA,20240108_919_STTD_DRIFT,Drift Invertebrates,3.4000000000000696E-3,1.8000000000000238E-3,N,NA,NA,NA,,,,
141,SHR_2024-01-09 10:11:00,NA,SHR,1/9/2024,2,10:11:00,1/9/2024 10:11,D,2,very cloudy,corrected field comments,N,500,NA,NA,2,10,Low,770400,759800,Lots of debris,NA,NA,20240109_1011_SHR_DRIFT,Drift Invertebrates,<0.001,<0.001,N,NA,NA,NA,2,SAMP,,
142,SHR_2024-01-09 10:11:00,NA,SHR,1/9/2024,2,10:11:00,1/9/2024 10:11,D,2,very cloudy,corrected field comments,N,500,NA,NA,2,10,Low,770400,759800,Lots of debris,NA,NA,20240109_1011_SHR_DRIFT,Drift Invertebrates,1.3999999999998458E-3,<0.001,N,NA,NA,NA,2,SAMP,,
143,SHR_2024-01-09 10:11:00,NA,SHR,1/9/2024,2,10:11:00,1/9/2024 10:11,D,2,very cloudy,corrected field comments,N,500,NA,NA,2,10,Low,770400,759800,Lots of debris,NA,NA,20240109_1011_SHR_DRIFT,Drift Invertebrates,1.1999999999998678E-3,<0.001,N,NA,NA,NA,2,SAMP,,
144,SHR_2024-01-09 10:11:00,NA,SHR,1/9/2024,2,10:11:00,1/9/2024 10:11,D,2,very cloudy,corrected field comments,N,500,NA,NA,2,10,Low,770400,759800,Lots of debris,NA,NA,20240109_1011_SHR_DRIFT,Drift Invertebrates,1.1999999999998678E-3,<0.001,Y,NA,NA,NA,2,SAMP,,
145,SHR_2024-01-09 10:11:00,NA,SHR,1/9/2024,2,10:11:00,1/9/2024 10:11,D,2,very cloudy,corrected field comments,N,500,NA,NA,2,10,Low,770400,759800,Lots of debris,NA,NA,20240109_1011_SHR_DRIFT,Drift Invertebrates,<0.001,<0.001,Y,NA,NA,NA,2,SAMP,,
146,SHR_2024-01-09 10:11:00,NA,SHR,1/9/2024,2,10:11:00,1/9/2024 10:11,D,2,very cloudy,corrected field comments,N,500,NA,NA,2,10,Low,770400,759800,Lots of debris,NA,NA,20240109_1011_SHR_DRIFT,Drift Invertebrates,2.0000000000002238E-3,<0.001,N,NA,NA,NA,2,SAMP,,
147,SHR_2024-01-09 10:11:00,NA,SHR,1/9/2024,2,10:11:00,1/9/2024 10:11,D,2,very cloudy,corrected field comments,N,500,NA,NA,2,10,Low,770400,759800,Lots of debris,NA,NA,20240109_1011_SHR_DRIFT,Drift Invertebrates,7.2999999999998622E-3,1.4999999999996128E-3,N,NA,NA,NA,2,SAMP,,
148,SHR_2024-01-09 10:11:00,NA,SHR,1/9/2024,2,10:11:00,1/9/2024 10:11,D,2,very cloudy,corrected field comments,N,500,NA,NA,2,10,Low,770400,759800,Lots of debris,NA,NA,20240109_1011_SHR_DRIFT,Drift Invertebrates,1.2000000000003119E-3,<0.001,N,NA,NA,NA,2,SAMP,,
149,SHR_2024-01-09 10:11:00,NA,SHR,1/9/2024,2,10:11:00,1/9/2024 10:11,D,2,very cloudy,corrected field comments,N,500,NA,NA,2,10,Low,770400,759800,Lots of debris,NA,NA,20240109_1011_SHR_DRIFT,Drift Invertebrates,1.5999999999998238E-3,<0.001,N,NA,NA,NA,2,SAMP,,
150,SHR_2024-01-09 10:11:00,NA,SHR,1/9/2024,2,10:11:00,1/9/2024 10:11,D,2,very cloudy,corrected field comments,N,500,NA,NA,2,10,Low,770400,759800,Lots of debris,NA,NA,20240109_1011_SHR_DRIFT,Drift Invertebrates,4.5137,4.0237999999999996,N,NA,NA,NA,2,SAMP,,
151,SHR_2024-01-09 10:11:00,NA,SHR,1/9/2024,2,10:11:00,1/9/2024 10:11,D,2,very cloudy,corrected field comments,N,500,NA,NA,2,10,Low,770400,759800,Lots of debris,NA,NA,20240109_1011_SHR_DRIFT,Drift Invertebrates,2.1999999999997577E-3,<0.001,N,NA,NA,NA,2,SAMP,,
152,STTD_2024-02-06 09:58:00,NA,STTD,2/6/2024,1,9:58:00,2/6/2024 9:58,D,2,"High turbidity, low light. Bypass flooding.",NA,N,500,NA,NA,1,5,Low,838525,836337,Reduced tow time - high turbidity. Used low flow rotor b/c best available data indicated ft/s < 3.0,NA,NA,20240206_958_STTD_DRIFT,Drift Invertebrates,1.5999999999998238E-3,<0.001,N,NA,NA,NA,,,,
153,STTD_2024-02-06 09:58:00,NA,STTD,2/6/2024,1,9:58:00,2/6/2024 9:58,D,2,"High turbidity, low light. Bypass flooding.",NA,N,500,NA,NA,1,5,Low,838525,836337,Reduced tow time - high turbidity. Used low flow rotor b/c best available data indicated ft/s < 3.0,NA,NA,20240206_958_STTD_DRIFT,Drift Invertebrates,2.0999999999999908E-3,<0.001,N,NA,NA,NA,,,,
154,STTD_2024-02-06 09:58:00,NA,STTD,2/6/2024,1,9:58:00,2/6/2024 9:58,D,2,"High turbidity, low light. Bypass flooding.",NA,N,500,NA,NA,1,5,Low,838525,836337,Reduced tow time - high turbidity. Used low flow rotor b/c best available data indicated ft/s < 3.0,NA,NA,20240206_958_STTD_DRIFT,Drift Invertebrates,<0.001,<0.001,N,NA,NA,NA,,,,
155,STTD_2024-02-06 09:58:00,NA,STTD,2/6/2024,1,9:58:00,2/6/2024 9:58,D,2,"High turbidity, low light. Bypass flooding.",NA,N,500,NA,NA,1,5,Low,838525,836337,Reduced tow time - high turbidity. Used low flow rotor b/c best available data indicated ft/s < 3.0,NA,NA,20240206_958_STTD_DRIFT,Drift Invertebrates,4.0999999999997705E-3,<0.001,N,NA,NA,NA,,,,
156,STTD_2024-02-06 09:58:00,NA,STTD,2/6/2024,1,9:58:00,2/6/2024 9:58,D,2,"High turbidity, low light. Bypass flooding.",NA,N,500,NA,NA,1,5,Low,838525,836337,Reduced tow time - high turbidity. Used low flow rotor b/c best available data indicated ft/s < 3.0,NA,NA,20240206_958_STTD_DRIFT,Drift Invertebrates,5.7000000000000384E-3,1.000000000000334E-3,N,NA,NA,NA,,,,
157,SHR_2024-02-07 09:16:00,NA,SHR,2/7/2024,1,9:16:00,2/7/2024 9:16,D,2,NA,NA,NA,500,NA,NA,NA,5,Low,836288,832732,Halfed tows,NA,NA,20240207_916_SHR_DRIFT,Drift Invertebrates,<0.001,<0.001,N,NA,NA,NA,,,,
158,STTD_2024-02-13 12:12:00,NA,STTD,2/13/2024,2,12:12:00,2/13/2024 12:12,D,2,"Fast water, difficult van dorn grab.",NA,Y,500,NA,NA,1,5,Low,832666,823164,Halfed tows. Ft/sec on CDEC @ beginning of day < 2.8 ft/s,NA,NA,20240213_1212_STTD_DRIFT,Drift Invertebrates,<0.001,<0.001,N,NA,NA,NA,,,,
159,STTD_2024-02-13 12:12:00,NA,STTD,2/13/2024,2,12:12:00,2/13/2024 12:12,D,2,"Fast water, difficult van dorn grab.",NA,Y,500,NA,NA,1,5,Low,832666,823164,Halfed tows. Ft/sec on CDEC @ beginning of day < 2.8 ft/s,NA,NA,20240213_1212_STTD_DRIFT,Drift Invertebrates,1.3999999999998458E-3,<0.001,N,NA,NA,NA,,,,
160,STTD_2024-02-13 12:12:00,NA,STTD,2/13/2024,2,12:12:00,2/13/2024 12:12,D,2,"Fast water, difficult van dorn grab.",NA,Y,500,NA,NA,1,5,Low,832666,823164,Halfed tows. Ft/sec on CDEC @ beginning of day < 2.8 ft/s,NA,NA,20240213_1212_STTD_DRIFT,Drift Invertebrates,2.0999999999999908E-3,<0.001,N,NA,NA,NA,,,,
161,STTD_2024-02-13 12:12:00,NA,STTD,2/13/2024,2,12:12:00,2/13/2024 12:12,D,2,"Fast water, difficult van dorn grab.",NA,Y,500,NA,NA,1,5,Low,832666,823164,Halfed tows. Ft/sec on CDEC @ beginning of day < 2.8 ft/s,NA,NA,20240213_1212_STTD_DRIFT,Drift Invertebrates,2.0000000000002238E-3,<0.001,N,NA,NA,NA,,,,
162,STTD_2024-02-13 12:12:00,NA,STTD,2/13/2024,2,12:12:00,2/13/2024 12:12,D,2,"Fast water, difficult van dorn grab.",NA,Y,500,NA,NA,1,5,Low,832666,823164,Halfed tows. Ft/sec on CDEC @ beginning of day < 2.8 ft/s,NA,NA,20240213_1212_STTD_DRIFT,Drift Invertebrates,5.7999999999998053E-3,1.7000000000000348E-3,N,NA,NA,NA,,,,
163,STTD_2024-02-13 12:12:00,NA,STTD,2/13/2024,2,12:12:00,2/13/2024 12:12,D,2,"Fast water, difficult van dorn grab.",NA,Y,500,NA,NA,1,5,Low,832666,823164,Halfed tows. Ft/sec on CDEC @ beginning of day < 2.8 ft/s,NA,NA,20240213_1212_STTD_DRIFT,Drift Invertebrates,1.3000000000000789E-3,<0.001,N,NA,NA,NA,,,,
164,STTD_2024-02-13 12:12:00,NA,STTD,2/13/2024,2,12:12:00,2/13/2024 12:12,D,2,"Fast water, difficult van dorn grab.",NA,Y,500,NA,NA,1,5,Low,832666,823164,Halfed tows. Ft/sec on CDEC @ beginning of day < 2.8 ft/s,NA,NA,20240213_1212_STTD_DRIFT,Drift Invertebrates,1.639999999999997E-2,7.8000000000000291E-3,N,NA,NA,NA,,,,
165,STTD_2024-02-20 09:53:00,NA,STTD,2/20/2024,2,9:53:00,2/20/2024 9:53,D,2,NA,NA,N,500,NA,NA,1,5,Low,816200,806916,Halfed tows b/c of flow,NA,NA,20240220_953_STTD_DRIFT,Drift Invertebrates,7.5399999999999689E-2,1.8100000000000005E-2,N,NA,NA,NA,,,,
166,STTD_2024-02-20 09:53:00,NA,STTD,2/20/2024,2,9:53:00,2/20/2024 9:53,D,2,NA,NA,N,500,NA,NA,1,5,Low,816200,806916,Halfed tows b/c of flow,NA,NA,20240220_953_STTD_DRIFT,Drift Invertebrates,1.3999999999998458E-3,1.1000000000001009E-3,N,NA,NA,NA,,,,
167,STTD_2024-02-20 09:53:00,NA,STTD,2/20/2024,2,9:53:00,2/20/2024 9:53,D,2,NA,NA,N,500,NA,NA,1,5,Low,816200,806916,Halfed tows b/c of flow,NA,NA,20240220_953_STTD_DRIFT,Drift Invertebrates,<0.001,<0.001,N,NA,NA,NA,,,,
168,STTD_2024-02-20 09:53:00,NA,STTD,2/20/2024,2,9:53:00,2/20/2024 9:53,D,2,NA,NA,N,500,NA,NA,1,5,Low,816200,806916,Halfed tows b/c of flow,NA,NA,20240220_953_STTD_DRIFT,Drift Invertebrates,1.4000000000002899E-3,<0.001,N,NA,NA,NA,,,,
169,STTD_2024-02-20 09:53:00,NA,STTD,2/20/2024,2,9:53:00,2/20/2024 9:53,D,2,NA,NA,N,500,NA,NA,1,5,Low,816200,806916,Halfed tows b/c of flow,NA,NA,20240220_953_STTD_DRIFT,Drift Invertebrates,8.299999999999752E-3,<0.001,N,NA,NA,NA,,,,
170,STTD_2024-02-20 09:53:00,NA,STTD,2/20/2024,2,9:53:00,2/20/2024 9:53,D,2,NA,NA,N,500,NA,NA,1,5,Low,816200,806916,Halfed tows b/c of flow,NA,NA,20240220_953_STTD_DRIFT,Drift Invertebrates,2.2500000000000409E-2,6.7000000000003723E-3,N,NA,NA,NA,,,,
171,STTD_2024-02-20 09:53:00,NA,STTD,2/20/2024,2,9:53:00,2/20/2024 9:53,D,2,NA,NA,N,500,NA,NA,1,5,Low,816200,806916,Halfed tows b/c of flow,NA,NA,20240220_953_STTD_DRIFT,Drift Invertebrates,9.1999999999998749E-3,3.6000000000000476E-3,N,NA,NA,NA,,,,
172,STTD_2024-02-20 09:53:00,NA,STTD,2/20/2024,2,9:53:00,2/20/2024 9:53,D,2,NA,NA,N,500,NA,NA,1,5,Low,816200,806916,Halfed tows b/c of flow,NA,NA,20240220_953_STTD_DRIFT,Drift Invertebrates,1.9000000000000128E-3,<0.001,N,NA,NA,NA,,,,
173,STTD_2024-02-20 09:53:00,NA,STTD,2/20/2024,2,9:53:00,2/20/2024 9:53,D,2,NA,NA,N,500,NA,NA,1,5,Low,816200,806916,Halfed tows b/c of flow,NA,NA,20240220_953_STTD_DRIFT,Drift Invertebrates,5.2999999999996383E-3,1.8999999999995687E-3,N,NA,NA,NA,,,,
174,STTD_2024-02-20 09:53:00,NA,STTD,2/20/2024,2,9:53:00,2/20/2024 9:53,D,2,NA,NA,N,500,NA,NA,1,5,Low,816200,806916,Halfed tows b/c of flow,NA,NA,20240220_953_STTD_DRIFT,Drift Invertebrates,2.8999999999999027E-3,1.7000000000000348E-3,N,NA,NA,NA,,,,
175,STTD_2024-02-20 09:53:00,NA,STTD,2/20/2024,2,9:53:00,2/20/2024 9:53,D,2,NA,NA,N,500,NA,NA,1,5,Low,816200,806916,Halfed tows b/c of flow,NA,NA,20240220_953_STTD_DRIFT,Drift Invertebrates,3.3000000000003027E-3,<0.001,N,NA,NA,NA,,,,
176,STTD_2024-02-20 09:53:00,NA,STTD,2/20/2024,2,9:53:00,2/20/2024 9:53,D,2,NA,NA,N,500,NA,NA,1,5,Low,816200,806916,Halfed tows b/c of flow,NA,NA,20240220_953_STTD_DRIFT,Drift Invertebrates,2.5700000000000056E-2,3.8000000000000256E-3,N,NA,NA,NA,,,,
177,STTD_2024-02-20 09:53:00,NA,STTD,2/20/2024,2,9:53:00,2/20/2024 9:53,D,2,NA,NA,N,500,NA,NA,1,5,Low,816200,806916,Halfed tows b/c of flow,NA,NA,20240220_953_STTD_DRIFT,Drift Invertebrates,1.6300000000000203E-2,4.5999999999999375E-3,N,NA,NA,NA,,,,
178,STTD_2024-02-20 09:53:00,NA,STTD,2/20/2024,2,9:53:00,2/20/2024 9:53,D,2,NA,NA,N,500,NA,NA,1,5,Low,816200,806916,Halfed tows b/c of flow,NA,NA,20240220_953_STTD_DRIFT,Drift Invertebrates,4.0000000000000036E-3,<0.001,N,NA,NA,NA,,,,
179,STTD_2024-02-20 09:53:00,NA,STTD,2/20/2024,2,9:53:00,2/20/2024 9:53,D,2,NA,NA,N,500,NA,NA,1,5,Low,816200,806916,Halfed tows b/c of flow,NA,NA,20240220_953_STTD_DRIFT,Drift Invertebrates,1.3999999999998458E-3,<0.001,N,NA,NA,NA,,,,
180,STTD_2024-02-20 09:53:00,NA,STTD,2/20/2024,2,9:53:00,2/20/2024 9:53,D,2,NA,NA,N,500,NA,NA,1,5,Low,816200,806916,Halfed tows b/c of flow,NA,NA,20240220_953_STTD_DRIFT,Drift Invertebrates,2.2999999999999687E-3,<0.001,N,NA,NA,NA,,,,
181,STTD_2024-02-20 09:53:00,NA,STTD,2/20/2024,2,9:53:00,2/20/2024 9:53,D,2,NA,NA,N,500,NA,NA,1,5,Low,816200,806916,Halfed tows b/c of flow,NA,NA,20240220_953_STTD_DRIFT,Drift Invertebrates,1.8000000000002458E-3,<0.001,N,NA,NA,NA,,,,
182,STTD_2024-02-20 09:53:00,NA,STTD,2/20/2024,2,9:53:00,2/20/2024 9:53,D,2,NA,NA,N,500,NA,NA,1,5,Low,816200,806916,Halfed tows b/c of flow,NA,NA,20240220_953_STTD_DRIFT,Drift Invertebrates,8.4499999999999797E-2,3.0099999999999572E-2,N,NA,NA,NA,,,,
183,STTD_2024-03-04 09:39:00,NA,STTD,3/4/2024,1,9:39:00,3/4/2024 9:39,D,2,Very overcast.,NA,N,500,NA,NA,1,5,Low,795400,787575,Halfed tows,NA,NA,20240304_939_STTD_DRIFT,Drift Invertebrates,1.4999999999996128E-3,<0.001,N,NA,NA,NA,,,,
184,STTD_2024-03-04 09:39:00,NA,STTD,3/4/2024,1,9:39:00,3/4/2024 9:39,D,2,Very overcast.,NA,N,500,NA,NA,1,5,Low,795400,787575,Halfed tows,NA,NA,20240304_939_STTD_DRIFT,Drift Invertebrates,7.6999999999998181E-3,1.7999999999998018E-3,N,NA,NA,NA,,,,
185,STTD_2024-03-04 09:39:00,NA,STTD,3/4/2024,1,9:39:00,3/4/2024 9:39,D,2,Very overcast.,NA,N,500,NA,NA,1,5,Low,795400,787575,Halfed tows,NA,NA,20240304_939_STTD_DRIFT,Drift Invertebrates,<0.001,<0.001,N,NA,NA,NA,,,,
186,STTD_2024-03-04 09:39:00,NA,STTD,3/4/2024,1,9:39:00,3/4/2024 9:39,D,2,Very overcast.,NA,N,500,NA,NA,1,5,Low,795400,787575,Halfed tows,NA,NA,20240304_939_STTD_DRIFT,Drift Invertebrates,2.4999999999999467E-3,<0.001,N,NA,NA,NA,,,,
187,STTD_2024-03-04 09:39:00,NA,STTD,3/4/2024,1,9:39:00,3/4/2024 9:39,D,2,Very overcast.,NA,N,500,NA,NA,1,5,Low,795400,787575,Halfed tows,NA,NA,20240304_939_STTD_DRIFT,Drift Invertebrates,2.2999999999999687E-3,<0.001,N,NA,NA,NA,,,,
188,STTD_2024-03-04 09:39:00,NA,STTD,3/4/2024,1,9:39:00,3/4/2024 9:39,D,2,Very overcast.,NA,N,500,NA,NA,1,5,Low,795400,787575,Halfed tows,NA,NA,20240304_939_STTD_DRIFT,Drift Invertebrates,3.8300000000000001E-2,1.2700000000000156E-2,N,NA,NA,NA,,,,
189,STTD_2024-03-04 09:39:00,NA,STTD,3/4/2024,1,9:39:00,3/4/2024 9:39,D,2,Very overcast.,NA,N,500,NA,NA,1,5,Low,795400,787575,Halfed tows,NA,NA,20240304_939_STTD_DRIFT,Drift Invertebrates,1.1200000000000099E-2,3.8000000000000256E-3,N,NA,NA,NA,,,,
190,STTD_2024-03-04 09:39:00,NA,STTD,3/4/2024,1,9:39:00,3/4/2024 9:39,D,2,Very overcast.,NA,N,500,NA,NA,1,5,Low,795400,787575,Halfed tows,NA,NA,20240304_939_STTD_DRIFT,Drift Invertebrates,3.1899999999999817E-2,9.9000000000000199E-3,N,NA,NA,NA,,,,
191,STTD_2024-03-04 09:39:00,NA,STTD,3/4/2024,1,9:39:00,3/4/2024 9:39,D,2,Very overcast.,NA,N,500,NA,NA,1,5,Low,795400,787575,Halfed tows,NA,NA,20240304_939_STTD_DRIFT,Drift Invertebrates,2.8999999999999027E-3,<0.001,N,NA,NA,NA,,,,
192,STTD_2024-03-04 09:39:00,NA,STTD,3/4/2024,1,9:39:00,3/4/2024 9:39,D,2,Very overcast.,NA,N,500,NA,NA,1,5,Low,795400,787575,Halfed tows,NA,NA,20240304_939_STTD_DRIFT,Drift Invertebrates,2.2000000000002018E-3,<0.001,N,NA,NA,NA,,,,
193,STTD_2024-03-04 09:39:00,NA,STTD,3/4/2024,1,9:39:00,3/4/2024 9:39,D,2,Very overcast.,NA,N,500,NA,NA,1,5,Low,795400,787575,Halfed tows,NA,NA,20240304_939_STTD_DRIFT,Drift Invertebrates,2.0999999999999908E-3,1.1000000000001009E-3,N,NA,NA,NA,,,,
194,STTD_2024-03-04 09:39:00,NA,STTD,3/4/2024,1,9:39:00,3/4/2024 9:39,D,2,Very overcast.,NA,N,500,NA,NA,1,5,Low,795400,787575,Halfed tows,NA,NA,20240304_939_STTD_DRIFT,Drift Invertebrates,3.0999999999998806E-3,1.1000000000001009E-3,N,NA,NA,NA,,,,
195,STTD_2024-03-04 09:39:00,NA,STTD,3/4/2024,1,9:39:00,3/4/2024 9:39,D,2,Very overcast.,NA,N,500,NA,NA,1,5,Low,795400,787575,Halfed tows,NA,NA,20240304_939_STTD_DRIFT,Drift Invertebrates,1.9000000000000128E-3,1.2000000000003119E-3,N,NA,NA,NA,,,,
196,STTD_2024-03-04 09:39:00,NA,STTD,3/4/2024,1,9:39:00,3/4/2024 9:39,D,2,Very overcast.,NA,N,500,NA,NA,1,5,Low,795400,787575,Halfed tows,NA,NA,20240304_939_STTD_DRIFT,Drift Invertebrates,4.3000000000001926E-3,1.7000000000000348E-3,N,NA,NA,NA,,,,
197,STTD_2024-03-04 09:39:00,NA,STTD,3/4/2024,1,9:39:00,3/4/2024 9:39,D,2,Very overcast.,NA,N,500,NA,NA,1,5,Low,795400,787575,Halfed tows,NA,NA,20240304_939_STTD_DRIFT,Drift Invertebrates,1.6000000000002679E-3,<0.001,N,NA,NA,NA,,,,
198,STTD_2024-03-04 09:39:00,NA,STTD,3/4/2024,1,9:39:00,3/4/2024 9:39,D,2,Very overcast.,NA,N,500,NA,NA,1,5,Low,795400,787575,Halfed tows,NA,NA,20240304_939_STTD_DRIFT,Drift Invertebrates,0.32109999999999994,0.12549999999999972,N,NA,NA,NA,,,,
199,STTD_2024-03-11 08:50:00,NA,STTD,3/11/2024,2,8:50:00,3/11/2024 8:50,D,2,Water moving too fast to safely get last number w/o risking breaking bulb,corrected EC from 910 to 310,N,500,NA,NA,1,5,Low,780150,771167,Should probably be 'REG',NA,NA,20240311_850_STTD_DRIFT,Drift Invertebrates,<0.001,<0.001,N,NA,NA,NA,1,FM,,
200,STTD_2024-03-11 08:50:00,NA,STTD,3/11/2024,2,8:50:00,3/11/2024 8:50,D,2,Water moving too fast to safely get last number w/o risking breaking bulb,corrected EC from 910 to 310,N,500,NA,NA,1,5,Low,780150,771167,Should probably be 'REG',NA,NA,20240311_850_STTD_DRIFT,Drift Invertebrates,3.6999999999998145E-3,<0.001,N,NA,NA,NA,1,FM,,
201,STTD_2024-03-11 08:50:00,NA,STTD,3/11/2024,2,8:50:00,3/11/2024 8:50,D,2,Water moving too fast to safely get last number w/o risking breaking bulb,corrected EC from 910 to 310,N,500,NA,NA,1,5,Low,780150,771167,Should probably be 'REG',NA,NA,20240311_850_STTD_DRIFT,Drift Invertebrates,5.3000000000000824E-3,2.1999999999997577E-3,N,NA,NA,NA,1,FM,,
202,STTD_2024-03-11 08:50:00,NA,STTD,3/11/2024,2,8:50:00,3/11/2024 8:50,D,2,Water moving too fast to safely get last number w/o risking breaking bulb,corrected EC from 910 to 310,N,500,NA,NA,1,5,Low,780150,771167,Should probably be 'REG',NA,NA,20240311_850_STTD_DRIFT,Drift Invertebrates,3.7300000000000111E-2,9.5000000000000639E-3,N,NA,NA,NA,1,FM,,
203,STTD_2024-03-11 08:50:00,NA,STTD,3/11/2024,2,8:50:00,3/11/2024 8:50,D,2,Water moving too fast to safely get last number w/o risking breaking bulb,corrected EC from 910 to 310,N,500,NA,NA,1,5,Low,780150,771167,Should probably be 'REG',NA,NA,20240311_850_STTD_DRIFT,Drift Invertebrates,1.1000000000001009E-3,<0.001,N,NA,NA,NA,1,FM,,
204,STTD_2024-03-11 08:50:00,NA,STTD,3/11/2024,2,8:50:00,3/11/2024 8:50,D,2,Water moving too fast to safely get last number w/o risking breaking bulb,corrected EC from 910 to 310,N,500,NA,NA,1,5,Low,780150,771167,Should probably be 'REG',NA,NA,20240311_850_STTD_DRIFT,Drift Invertebrates,2.7400000000000091E-2,2.2999999999999687E-3,N,NA,NA,NA,1,FM,,
205,STTD_2024-03-11 08:50:00,NA,STTD,3/11/2024,2,8:50:00,3/11/2024 8:50,D,2,Water moving too fast to safely get last number w/o risking breaking bulb,corrected EC from 910 to 310,N,500,NA,NA,1,5,Low,780150,771167,Should probably be 'REG',NA,NA,20240311_850_STTD_DRIFT,Drift Invertebrates,6.6999999999999282E-3,1.5999999999998238E-3,N,NA,NA,NA,1,FM,,
206,STTD_2024-03-11 08:50:00,NA,STTD,3/11/2024,2,8:50:00,3/11/2024 8:50,D,2,Water moving too fast to safely get last number w/o risking breaking bulb,corrected EC from 910 to 310,N,500,NA,NA,1,5,Low,780150,771167,Should probably be 'REG',NA,NA,20240311_850_STTD_DRIFT,Drift Invertebrates,0.12709999999999999,5.01999999999998E-2,N,NA,NA,NA,1,FM,,
207,STTD_2024-04-15 10:20:00,NA,STTD,4/15/2024,2,10:20:00,4/15/2024 10:20,D,2,Partially cloudy,corrected 237 to 237.6,N,500,NA,NA,1,10,Low,744257,738317,Switched to Ebb tide,NA,NA,20240415_1020_STTD_DRIFT,Drift Invertebrates,<0.001,<0.001,N,NA,NA,NA,,,,
208,STTD_2024-04-15 10:20:00,NA,STTD,4/15/2024,2,10:20:00,4/15/2024 10:20,D,2,Partially cloudy,corrected 237 to 237.6,N,500,NA,NA,1,10,Low,744257,738317,Switched to Ebb tide,NA,NA,20240415_1020_STTD_DRIFT,Drift Invertebrates,1.9000000000000128E-3,1.1000000000001009E-3,N,NA,NA,NA,,,,
209,STTD_2024-04-15 10:20:00,NA,STTD,4/15/2024,2,10:20:00,4/15/2024 10:20,D,2,Partially cloudy,corrected 237 to 237.6,N,500,NA,NA,1,10,Low,744257,738317,Switched to Ebb tide,NA,NA,20240415_1020_STTD_DRIFT,Drift Invertebrates,4.6999999999997044E-3,1.5999999999998238E-3,N,NA,NA,NA,,,,
210,STTD_2024-04-15 10:20:00,NA,STTD,4/15/2024,2,10:20:00,4/15/2024 10:20,D,2,Partially cloudy,corrected 237 to 237.6,N,500,NA,NA,1,10,Low,744257,738317,Switched to Ebb tide,NA,NA,20240415_1020_STTD_DRIFT,Drift Invertebrates,2.4000000000001798E-3,1.000000000000334E-3,N,NA,NA,NA,,,,
211,STTD_2024-04-15 10:20:00,NA,STTD,4/15/2024,2,10:20:00,4/15/2024 10:20,D,2,Partially cloudy,corrected 237 to 237.6,N,500,NA,NA,1,10,Low,744257,738317,Switched to Ebb tide,NA,NA,20240415_1020_STTD_DRIFT,Drift Invertebrates,1.0800000000000143E-2,3.5000000000002807E-3,N,NA,NA,NA,,,,
212,STTD_2024-04-15 10:20:00,NA,STTD,4/15/2024,2,10:20:00,4/15/2024 10:20,D,2,Partially cloudy,corrected 237 to 237.6,N,500,NA,NA,1,10,Low,744257,738317,Switched to Ebb tide,NA,NA,20240415_1020_STTD_DRIFT,Drift Invertebrates,5.6799999999999962E-2,2.0099999999999785E-2,N,NA,NA,NA,,,,
213,STTD_2024-04-15 10:20:00,NA,STTD,4/15/2024,2,10:20:00,4/15/2024 10:20,D,2,Partially cloudy,corrected 237 to 237.6,N,500,NA,NA,1,10,Low,744257,738317,Switched to Ebb tide,NA,NA,20240415_1020_STTD_DRIFT,Drift Invertebrates,2.2999999999999687E-3,<0.001,N,NA,NA,NA,,,,
214,STTD_2024-04-15 10:20:00,NA,STTD,4/15/2024,2,10:20:00,4/15/2024 10:20,D,2,Partially cloudy,corrected 237 to 237.6,N,500,NA,NA,1,10,Low,744257,738317,Switched to Ebb tide,NA,NA,20240415_1020_STTD_DRIFT,Drift Invertebrates,6.109999999999971E-2,2.1700000000000053E-2,N,NA,NA,NA,,,,
215,STTD_2024-05-06 09:14:00,NA,STTD,5/6/2024,2,9:14:00,5/6/2024 9:14,D,2,Herbicide treatment right above RST launch site.,Changed DO from 15.56 to 5.56 and added field comment,N,500,NA,NA,1,10,Low,728000,722539,From trap,NA,NA,20240506_914_STTD_DRIFT,Drift Invertebrates,<0.001,<0.001,N,NA,NA,NA,,,,
216,STTD_2024-05-06 09:14:00,NA,STTD,5/6/2024,2,9:14:00,5/6/2024 9:14,D,2,Herbicide treatment right above RST launch site.,Changed DO from 15.56 to 5.56 and added field comment,N,500,NA,NA,1,10,Low,728000,722539,From trap,NA,NA,20240506_914_STTD_DRIFT,Drift Invertebrates,1.1000000000001009E-3,<0.001,N,NA,NA,NA,,,,
217,STTD_2024-05-06 09:14:00,NA,STTD,5/6/2024,2,9:14:00,5/6/2024 9:14,D,2,Herbicide treatment right above RST launch site.,Changed DO from 15.56 to 5.56 and added field comment,N,500,NA,NA,1,10,Low,728000,722539,From trap,NA,NA,20240506_914_STTD_DRIFT,Drift Invertebrates,1.7999999999998018E-3,<0.001,N,NA,NA,NA,,,,
218,STTD_2024-05-06 09:14:00,NA,STTD,5/6/2024,2,9:14:00,5/6/2024 9:14,D,2,Herbicide treatment right above RST launch site.,Changed DO from 15.56 to 5.56 and added field comment,N,500,NA,NA,1,10,Low,728000,722539,From trap,NA,NA,20240506_914_STTD_DRIFT,Drift Invertebrates,4.5999999999999375E-3,<0.001,N,NA,NA,NA,,,,
219,STTD_2024-05-06 09:14:00,NA,STTD,5/6/2024,2,9:14:00,5/6/2024 9:14,D,2,Herbicide treatment right above RST launch site.,Changed DO from 15.56 to 5.56 and added field comment,N,500,NA,NA,1,10,Low,728000,722539,From trap,NA,NA,20240506_914_STTD_DRIFT,Drift Invertebrates,4.3999999999999595E-3,<0.001,N,NA,NA,NA,,,,
220,STTD_2024-05-06 09:14:00,NA,STTD,5/6/2024,2,9:14:00,5/6/2024 9:14,D,2,Herbicide treatment right above RST launch site.,Changed DO from 15.56 to 5.56 and added field comment,N,500,NA,NA,1,10,Low,728000,722539,From trap,NA,NA,20240506_914_STTD_DRIFT,Drift Invertebrates,1.2000000000003119E-3,<0.001,N,NA,NA,NA,,,,
221,STTD_2024-05-06 09:14:00,NA,STTD,5/6/2024,2,9:14:00,5/6/2024 9:14,D,2,Herbicide treatment right above RST launch site.,Changed DO from 15.56 to 5.56 and added field comment,N,500,NA,NA,1,10,Low,728000,722539,From trap,NA,NA,20240506_914_STTD_DRIFT,Drift Invertebrates,4.0000000000000036E-3,1.5999999999998238E-3,N,NA,NA,NA,,,,
222,STTD_2024-05-06 09:14:00,NA,STTD,5/6/2024,2,9:14:00,5/6/2024 9:14,D,2,Herbicide treatment right above RST launch site.,Changed DO from 15.56 to 5.56 and added field comment,N,500,NA,NA,1,10,Low,728000,722539,From trap,NA,NA,20240506_914_STTD_DRIFT,Drift Invertebrates,1.5999999999998238E-3,<0.001,N,NA,NA,NA,,,,
223,STTD_2024-05-06 09:14:00,NA,STTD,5/6/2024,2,9:14:00,5/6/2024 9:14,D,2,Herbicide treatment right above RST launch site.,Changed DO from 15.56 to 5.56 and added field comment,N,500,NA,NA,1,10,Low,728000,722539,From trap,NA,NA,20240506_914_STTD_DRIFT,Drift Invertebrates,4.5000000000001705E-3,1.9999999999997797E-3,N,NA,NA,NA,,,,
224,STTD_2024-05-06 09:14:00,NA,STTD,5/6/2024,2,9:14:00,5/6/2024 9:14,D,2,Herbicide treatment right above RST launch site.,Changed DO from 15.56 to 5.56 and added field comment,N,500,NA,NA,1,10,Low,728000,722539,From trap,NA,NA,20240506_914_STTD_DRIFT,Drift Invertebrates,5.2999999999996383E-3,<0.001,N,NA,NA,NA,,,,
225,STTD_2024-05-06 09:14:00,NA,STTD,5/6/2024,2,9:14:00,5/6/2024 9:14,D,2,Herbicide treatment right above RST launch site.,Changed DO from 15.56 to 5.56 and added field comment,N,500,NA,NA,1,10,Low,728000,722539,From trap,NA,NA,20240506_914_STTD_DRIFT,Drift Invertebrates,6.6999999999999282E-3,1.3000000000000789E-3,N,NA,NA,NA,,,,
226,STTD_2024-05-06 09:14:00,NA,STTD,5/6/2024,2,9:14:00,5/6/2024 9:14,D,2,Herbicide treatment right above RST launch site.,Changed DO from 15.56 to 5.56 and added field comment,N,500,NA,NA,1,10,Low,728000,722539,From trap,NA,NA,20240506_914_STTD_DRIFT,Drift Invertebrates,6.7000000000003723E-3,2.0999999999999908E-3,N,NA,NA,NA,,,,
227,STTD_2024-05-06 09:14:00,NA,STTD,5/6/2024,2,9:14:00,5/6/2024 9:14,D,2,Herbicide treatment right above RST launch site.,Changed DO from 15.56 to 5.56 and added field comment,N,500,NA,NA,1,10,Low,728000,722539,From trap,NA,NA,20240506_914_STTD_DRIFT,Drift Invertebrates,2.2000000000002018E-3,<0.001,N,NA,NA,NA,,,,
228,STTD_2024-05-06 09:14:00,NA,STTD,5/6/2024,2,9:14:00,5/6/2024 9:14,D,2,Herbicide treatment right above RST launch site.,Changed DO from 15.56 to 5.56 and added field comment,N,500,NA,NA,1,10,Low,728000,722539,From trap,NA,NA,20240506_914_STTD_DRIFT,Drift Invertebrates,8.0000000000000071E-3,2.2000000000002018E-3,N,NA,NA,NA,,,,
229,STTD_2024-05-06 09:14:00,NA,STTD,5/6/2024,2,9:14:00,5/6/2024 9:14,D,2,Herbicide treatment right above RST launch site.,Changed DO from 15.56 to 5.56 and added field comment,N,500,NA,NA,1,10,Low,728000,722539,From trap,NA,NA,20240506_914_STTD_DRIFT,Drift Invertebrates,8.5900000000000087E-2,2.48999999999997E-2,N,NA,NA,NA,,,,
230,STTD_2024-05-06 09:14:00,NA,STTD,5/6/2024,2,9:14:00,5/6/2024 9:14,D,2,Herbicide treatment right above RST launch site.,Changed DO from 15.56 to 5.56 and added field comment,N,500,NA,NA,1,10,Low,728000,722539,From trap,NA,NA,20240506_914_STTD_DRIFT,Drift Invertebrates,0.18420000000000014,4.2300000000000004E-2,N,NA,NA,NA,,,,
231,STTD_2024-06-03 08:25:00,NA,STTD,6/3/2024,1,8:25:00,6/3/2024 8:25,D,2,cloudy,NA,Y,500,NA,NA,2,10,Low,545000,541323,Numbers on flowmeter sliding around: use larval net rotor for tow,NA,NA,20240603_825_STTD_DRIFT,Drift Invertebrates,<0.001,<0.001,N,NA,NA,NA,2,SAMP,,
232,SHR_2024-09-24 10:00:00,NA,SHR,9/24/2024,1,10:00:00,9/24/2024 10:00,D,1,Last measurment at total length of pole,NA,N,500,NA,NA,1,10,Low,572142,582400,levee work on bank across form dock,NA,NA,20240924_1000_SHR_DRIFT,Drift Invertebrates,1.4999999999996128E-3,<0.001,N,NA,NA,NA,,,,
233,SHR_2024-09-24 10:00:00,NA,SHR,9/24/2024,1,10:00:00,9/24/2024 10:00,D,1,Last measurment at total length of pole,NA,N,500,NA,NA,1,10,Low,572142,582400,levee work on bank across form dock,NA,NA,20240924_1000_SHR_DRIFT,Drift Invertebrates,<0.001,<0.001,N,NA,NA,NA,,,,
234,SHR_2024-09-24 10:00:00,NA,SHR,9/24/2024,1,10:00:00,9/24/2024 10:00,D,1,Last measurment at total length of pole,NA,N,500,NA,NA,1,10,Low,572142,582400,levee work on bank across form dock,NA,NA,20240924_1000_SHR_DRIFT,Drift Invertebrates,1.1000000000001009E-3,<0.001,N,NA,NA,NA,,,,
235,SHR_2024-09-24 10:00:00,NA,SHR,9/24/2024,1,10:00:00,9/24/2024 10:00,D,1,Last measurment at total length of pole,NA,N,500,NA,NA,1,10,Low,572142,582400,levee work on bank across form dock,NA,NA,20240924_1000_SHR_DRIFT,Drift Invertebrates,1.3999999999998458E-3,<0.001,N,NA,NA,NA,,,,
236,SHR_2024-09-24 10:00:00,NA,SHR,9/24/2024,1,10:00:00,9/24/2024 10:00,D,1,Last measurment at total length of pole,NA,N,500,NA,NA,1,10,Low,572142,582400,levee work on bank across form dock,NA,NA,20240924_1000_SHR_DRIFT,Drift Invertebrates,4.1200000000000347E-2,1.6000000000000014E-2,N,NA,NA,NA,,,,
237,SHR_2024-09-24 10:00:00,NA,SHR,9/24/2024,1,10:00:00,9/24/2024 10:00,D,1,Last measurment at total length of pole,NA,N,500,NA,NA,1,10,Low,572142,582400,levee work on bank across form dock,NA,NA,20240924_1000_SHR_DRIFT,Drift Invertebrates,3.2999999999998586E-3,<0.001,N,NA,NA,NA,,,,
238,SHR_2024-09-24 10:00:00,NA,SHR,9/24/2024,1,10:00:00,9/24/2024 10:00,D,1,Last measurment at total length of pole,NA,N,500,NA,NA,1,10,Low,572142,582400,levee work on bank across form dock,NA,NA,20240924_1000_SHR_DRIFT,Drift Invertebrates,8.90000000000013E-3,2.6000000000001577E-3,N,NA,NA,NA,,,,
239,SHR_2024-09-24 10:00:00,NA,SHR,9/24/2024,1,10:00:00,9/24/2024 10:00,D,1,Last measurment at total length of pole,NA,N,500,NA,NA,1,10,Low,572142,582400,levee work on bank across form dock,NA,NA,20240924_1000_SHR_DRIFT,Drift Invertebrates,1.5999999999998238E-3,<0.001,N,NA,NA,NA,,,,
240,SHR_2024-09-24 10:00:00,NA,SHR,9/24/2024,1,10:00:00,9/24/2024 10:00,D,1,Last measurment at total length of pole,NA,N,500,NA,NA,1,10,Low,572142,582400,levee work on bank across form dock,NA,NA,20240924_1000_SHR_DRIFT,Drift Invertebrates,3.4199999999999786E-2,7.5999999999996071E-3,N,NA,NA,NA,,,,
241,SHR_2024-09-24 10:00:00,NA,SHR,9/24/2024,1,10:00:00,9/24/2024 10:00,D,1,Last measurment at total length of pole,NA,N,500,NA,NA,1,10,Low,572142,582400,levee work on bank across form dock,NA,NA,20240924_1000_SHR_DRIFT,Drift Invertebrates,4.8999999999996824E-3,1.9000000000000128E-3,N,NA,NA,NA,,,,
242,SHR_2024-09-24 10:00:00,NA,SHR,9/24/2024,1,10:00:00,9/24/2024 10:00,D,1,Last measurment at total length of pole,NA,N,500,NA,NA,1,10,Low,572142,582400,levee work on bank across form dock,NA,NA,20240924_1000_SHR_DRIFT,Drift Invertebrates,1.7999999999998018E-3,1.1000000000001009E-3,N,NA,NA,NA,,,,
243,SHR_2024-09-24 10:00:00,NA,SHR,9/24/2024,1,10:00:00,9/24/2024 10:00,D,1,Last measurment at total length of pole,NA,N,500,NA,NA,1,10,Low,572142,582400,levee work on bank across form dock,NA,NA,20240924_1000_SHR_DRIFT,Drift Invertebrates,1.0299999999999976E-2,4.1999999999999815E-3,N,NA,NA,NA,,,,
244,SHR_2024-09-24 10:00:00,NA,SHR,9/24/2024,1,10:00:00,9/24/2024 10:00,D,1,Last measurment at total length of pole,NA,N,500,NA,NA,1,10,Low,572142,582400,levee work on bank across form dock,NA,NA,20240924_1000_SHR_DRIFT,Drift Invertebrates,6.759999999999966E-2,1.9299999999999873E-2,N,NA,NA,NA,,,,
245,SHR_2024-09-24 10:00:00,NA,SHR,9/24/2024,1,10:00:00,9/24/2024 10:00,D,1,Last measurment at total length of pole,NA,N,500,NA,NA,1,10,Low,572142,582400,levee work on bank across form dock,NA,NA,20240924_1000_SHR_DRIFT,Drift Invertebrates,2.0000000000002238E-3,<0.001,N,NA,NA,NA,,,,
246,SHR_2024-09-24 10:00:00,NA,SHR,9/24/2024,1,10:00:00,9/24/2024 10:00,D,1,Last measurment at total length of pole,NA,N,500,NA,NA,1,10,Low,572142,582400,levee work on bank across form dock,NA,NA,20240924_1000_SHR_DRIFT,Drift Invertebrates,3.3999999999996255E-3,1.2999999999996348E-3,N,NA,NA,NA,,,,
247,SHR_2024-09-24 10:00:00,NA,SHR,9/24/2024,1,10:00:00,9/24/2024 10:00,D,1,Last measurment at total length of pole,NA,N,500,NA,NA,1,10,Low,572142,582400,levee work on bank across form dock,NA,NA,20240924_1000_SHR_DRIFT,Drift Invertebrates,3.0000000000001137E-3,1.3000000000000789E-3,N,NA,NA,NA,,,,
248,SHR_2024-09-24 10:00:00,NA,SHR,9/24/2024,1,10:00:00,9/24/2024 10:00,D,1,Last measurment at total length of pole,NA,N,500,NA,NA,1,10,Low,572142,582400,levee work on bank across form dock,NA,NA,20240924_1000_SHR_DRIFT,Drift Invertebrates,2.2999999999999687E-3,1.3000000000000789E-3,N,NA,NA,NA,,,,
249,SHR_2024-10-08 09:30:00,NA,SHR,10/8/2024,3,9:30:00,10/8/2024 9:30,D,1,"Barge adjacent (rip rap work?), Last measurement at total length of pole","D.O read 93.4 which I think is %, but could mean 9.34. changed surf irradiance to 1833.8 from 1883.8",Y,500,NA,NA,1,10,Low,562596,555258,Sampled upstream due to levee work & barges,NA,NA,20241008_930_SHR_DRIFT,Drift Invertebrates,<0.001,<0.001,N,NA,NA,NA,1,SAMP,,
250,SHR_2024-10-08 09:30:00,NA,SHR,10/8/2024,3,9:30:00,10/8/2024 9:30,D,1,"Barge adjacent (rip rap work?), Last measurement at total length of pole","D.O read 93.4 which I think is %, but could mean 9.34. changed surf irradiance to 1833.8 from 1883.8",Y,500,NA,NA,1,10,Low,562596,555258,Sampled upstream due to levee work & barges,NA,NA,20241008_930_SHR_DRIFT,Drift Invertebrates,5.5999999999998273E-3,1.7999999999998018E-3,N,NA,NA,NA,1,SAMP,,
251,SHR_2024-10-08 09:30:00,NA,SHR,10/8/2024,3,9:30:00,10/8/2024 9:30,D,1,"Barge adjacent (rip rap work?), Last measurement at total length of pole","D.O read 93.4 which I think is %, but could mean 9.34. changed surf irradiance to 1833.8 from 1883.8",Y,500,NA,NA,1,10,Low,562596,555258,Sampled upstream due to levee work & barges,NA,NA,20241008_930_SHR_DRIFT,Drift Invertebrates,6.8999999999999062E-3,2.6999999999999247E-3,Y,NA,NA,NA,1,SAMP,,
252,SHR_2024-10-08 09:30:00,NA,SHR,10/8/2024,3,9:30:00,10/8/2024 9:30,D,1,"Barge adjacent (rip rap work?), Last measurement at total length of pole","D.O read 93.4 which I think is %, but could mean 9.34. changed surf irradiance to 1833.8 from 1883.8",Y,500,NA,NA,1,10,Low,562596,555258,Sampled upstream due to levee work & barges,NA,NA,20241008_930_SHR_DRIFT,Drift Invertebrates,1.4000000000002899E-3,<0.001,N,NA,NA,NA,1,SAMP,,
253,SHR_2024-10-08 09:30:00,NA,SHR,10/8/2024,3,9:30:00,10/8/2024 9:30,D,1,"Barge adjacent (rip rap work?), Last measurement at total length of pole","D.O read 93.4 which I think is %, but could mean 9.34. changed surf irradiance to 1833.8 from 1883.8",Y,500,NA,NA,1,10,Low,562596,555258,Sampled upstream due to levee work & barges,NA,NA,20241008_930_SHR_DRIFT,Drift Invertebrates,1.6900000000000137E-2,3.8000000000000256E-3,N,NA,NA,NA,1,SAMP,,
254,SHR_2024-10-08 09:30:00,NA,SHR,10/8/2024,3,9:30:00,10/8/2024 9:30,D,1,"Barge adjacent (rip rap work?), Last measurement at total length of pole","D.O read 93.4 which I think is %, but could mean 9.34. changed surf irradiance to 1833.8 from 1883.8",Y,500,NA,NA,1,10,Low,562596,555258,Sampled upstream due to levee work & barges,NA,NA,20241008_930_SHR_DRIFT,Drift Invertebrates,2.1999999999997577E-3,<0.001,N,NA,NA,NA,1,SAMP,,
255,SHR_2024-10-08 09:30:00,NA,SHR,10/8/2024,3,9:30:00,10/8/2024 9:30,D,1,"Barge adjacent (rip rap work?), Last measurement at total length of pole","D.O read 93.4 which I think is %, but could mean 9.34. changed surf irradiance to 1833.8 from 1883.8",Y,500,NA,NA,1,10,Low,562596,555258,Sampled upstream due to levee work & barges,NA,NA,20241008_930_SHR_DRIFT,Drift Invertebrates,6.6999999999999282E-3,1.6999999999995907E-3,Y,NA,NA,NA,1,SAMP,,
256,SHR_2024-10-08 09:30:00,NA,SHR,10/8/2024,3,9:30:00,10/8/2024 9:30,D,1,"Barge adjacent (rip rap work?), Last measurement at total length of pole","D.O read 93.4 which I think is %, but could mean 9.34. changed surf irradiance to 1833.8 from 1883.8",Y,500,NA,NA,1,10,Low,562596,555258,Sampled upstream due to levee work & barges,NA,NA,20241008_930_SHR_DRIFT,Drift Invertebrates,8.5000000000001741E-3,1.000000000000334E-3,N,NA,NA,NA,1,SAMP,,
257,SHR_2024-10-08 09:30:00,NA,SHR,10/8/2024,3,9:30:00,10/8/2024 9:30,D,1,"Barge adjacent (rip rap work?), Last measurement at total length of pole","D.O read 93.4 which I think is %, but could mean 9.34. changed surf irradiance to 1833.8 from 1883.8",Y,500,NA,NA,1,10,Low,562596,555258,Sampled upstream due to levee work & barges,NA,NA,20241008_930_SHR_DRIFT,Drift Invertebrates,2.7099999999999902E-2,6.2000000000002053E-3,N,NA,NA,NA,1,SAMP,,
258,SHR_2024-10-08 09:30:00,NA,SHR,10/8/2024,3,9:30:00,10/8/2024 9:30,D,1,"Barge adjacent (rip rap work?), Last measurement at total length of pole","D.O read 93.4 which I think is %, but could mean 9.34. changed surf irradiance to 1833.8 from 1883.8",Y,500,NA,NA,1,10,Low,562596,555258,Sampled upstream due to levee work & barges,NA,NA,20241008_930_SHR_DRIFT,Drift Invertebrates,1.3999999999998458E-3,<0.001,N,NA,NA,NA,1,SAMP,,
259,SHR_2024-10-08 09:30:00,NA,SHR,10/8/2024,3,9:30:00,10/8/2024 9:30,D,1,"Barge adjacent (rip rap work?), Last measurement at total length of pole","D.O read 93.4 which I think is %, but could mean 9.34. changed surf irradiance to 1833.8 from 1883.8",Y,500,NA,NA,1,10,Low,562596,555258,Sampled upstream due to levee work & barges,NA,NA,20241008_930_SHR_DRIFT,Drift Invertebrates,3.8999999999997925E-3,<0.001,N,NA,NA,NA,1,SAMP,,
260,SHR_2024-10-08 09:30:00,NA,SHR,10/8/2024,3,9:30:00,10/8/2024 9:30,D,1,"Barge adjacent (rip rap work?), Last measurement at total length of pole","D.O read 93.4 which I think is %, but could mean 9.34. changed surf irradiance to 1833.8 from 1883.8",Y,500,NA,NA,1,10,Low,562596,555258,Sampled upstream due to levee work & barges,NA,NA,20241008_930_SHR_DRIFT,Drift Invertebrates,2.5999999999997137E-3,<0.001,N,NA,NA,NA,1,SAMP,,
261,SHR_2024-10-08 09:30:00,NA,SHR,10/8/2024,3,9:30:00,10/8/2024 9:30,D,1,"Barge adjacent (rip rap work?), Last measurement at total length of pole","D.O read 93.4 which I think is %, but could mean 9.34. changed surf irradiance to 1833.8 from 1883.8",Y,500,NA,NA,1,10,Low,562596,555258,Sampled upstream due to levee work & barges,NA,NA,20241008_930_SHR_DRIFT,Drift Invertebrates,9.5999999999998309E-3,2.4999999999999467E-3,N,NA,NA,NA,1,SAMP,,
262,SHR_2024-10-08 09:30:00,NA,SHR,10/8/2024,3,9:30:00,10/8/2024 9:30,D,1,"Barge adjacent (rip rap work?), Last measurement at total length of pole","D.O read 93.4 which I think is %, but could mean 9.34. changed surf irradiance to 1833.8 from 1883.8",Y,500,NA,NA,1,10,Low,562596,555258,Sampled upstream due to levee work & barges,NA,NA,20241008_930_SHR_DRIFT,Drift Invertebrates,1.7999999999998018E-3,<0.001,N,NA,NA,NA,1,SAMP,,
263,SHR_2024-10-08 09:30:00,NA,SHR,10/8/2024,3,9:30:00,10/8/2024 9:30,D,1,"Barge adjacent (rip rap work?), Last measurement at total length of pole","D.O read 93.4 which I think is %, but could mean 9.34. changed surf irradiance to 1833.8 from 1883.8",Y,500,NA,NA,1,10,Low,562596,555258,Sampled upstream due to levee work & barges,NA,NA,20241008_930_SHR_DRIFT,Drift Invertebrates,0.28079999999999972,7.0199999999999818E-2,N,NA,NA,NA,1,SAMP,,
264,SHR_2024-10-08 09:30:00,NA,SHR,10/8/2024,3,9:30:00,10/8/2024 9:30,D,1,"Barge adjacent (rip rap work?), Last measurement at total length of pole","D.O read 93.4 which I think is %, but could mean 9.34. changed surf irradiance to 1833.8 from 1883.8",Y,500,NA,NA,1,10,Low,562596,555258,Sampled upstream due to levee work & barges,NA,NA,20241008_930_SHR_DRIFT,Drift Invertebrates,4.2999999999997485E-3,<0.001,N,NA,NA,NA,1,SAMP,,
265,SHR_2024-10-08 09:30:00,NA,SHR,10/8/2024,3,9:30:00,10/8/2024 9:30,D,1,"Barge adjacent (rip rap work?), Last measurement at total length of pole","D.O read 93.4 which I think is %, but could mean 9.34. changed surf irradiance to 1833.8 from 1883.8",Y,500,NA,NA,1,10,Low,562596,555258,Sampled upstream due to levee work & barges,NA,NA,20241008_930_SHR_DRIFT,Drift Invertebrates,2.0999999999999908E-3,<0.001,N,NA,NA,NA,1,SAMP,,
266,SHR_2024-10-08 09:30:00,NA,SHR,10/8/2024,3,9:30:00,10/8/2024 9:30,D,1,"Barge adjacent (rip rap work?), Last measurement at total length of pole","D.O read 93.4 which I think is %, but could mean 9.34. changed surf irradiance to 1833.8 from 1883.8",Y,500,NA,NA,1,10,Low,562596,555258,Sampled upstream due to levee work & barges,NA,NA,20241008_930_SHR_DRIFT,Drift Invertebrates,7.2999999999998622E-3,1.7999999999998018E-3,N,NA,NA,NA,1,SAMP,,
267,SHR_2024-10-08 09:30:00,NA,SHR,10/8/2024,3,9:30:00,10/8/2024 9:30,D,1,"Barge adjacent (rip rap work?), Last measurement at total length of pole","D.O read 93.4 which I think is %, but could mean 9.34. changed surf irradiance to 1833.8 from 1883.8",Y,500,NA,NA,1,10,Low,562596,555258,Sampled upstream due to levee work & barges,NA,NA,20241008_930_SHR_DRIFT,Drift Invertebrates,3.4999999999998366E-3,<0.001,N,NA,NA,NA,1,SAMP,,
268,SHR_2024-10-08 09:30:00,NA,SHR,10/8/2024,3,9:30:00,10/8/2024 9:30,D,1,"Barge adjacent (rip rap work?), Last measurement at total length of pole","D.O read 93.4 which I think is %, but could mean 9.34. changed surf irradiance to 1833.8 from 1883.8",Y,500,NA,NA,1,10,Low,562596,555258,Sampled upstream due to levee work & barges,NA,NA,20241008_930_SHR_DRIFT,Drift Invertebrates,2.1199999999999886E-2,6.0999999999999943E-3,N,NA,NA,NA,1,SAMP,,
269,SHR_2024-10-08 09:30:00,NA,SHR,10/8/2024,3,9:30:00,10/8/2024 9:30,D,1,"Barge adjacent (rip rap work?), Last measurement at total length of pole","D.O read 93.4 which I think is %, but could mean 9.34. changed surf irradiance to 1833.8 from 1883.8",Y,500,NA,NA,1,10,Low,562596,555258,Sampled upstream due to levee work & barges,NA,NA,20241008_930_SHR_DRIFT,Drift Invertebrates,1.2900000000000134E-2,7.5000000000002842E-3,N,NA,NA,NA,1,SAMP,,
270,SHR_2024-10-08 09:30:00,NA,SHR,10/8/2024,3,9:30:00,10/8/2024 9:30,D,1,"Barge adjacent (rip rap work?), Last measurement at total length of pole","D.O read 93.4 which I think is %, but could mean 9.34. changed surf irradiance to 1833.8 from 1883.8",Y,500,NA,NA,1,10,Low,562596,555258,Sampled upstream due to levee work & barges,NA,NA,20241008_930_SHR_DRIFT,Drift Invertebrates,3.0000000000001137E-3,1.1999999999998678E-3,N,NA,NA,NA,1,SAMP,,
271,STTD_2024-11-04 10:42:00,NA,STTD,11/4/2024,1,10:42:00,11/4/2024 10:42,D,1,Last measurment at total depth of pole (2.19m),"changed light data to ""TRUE""",N,500,NA,NA,1,10,Low,544000,541390,tow from trap,NA,NA,20241104_1042_STTD_DRIFT,Drift Invertebrates,<0.001,<0.001,N,NA,NA,NA,,,,
272,STTD_2024-12-16 11:39:00,NA,STTD,12/16/2024,1,11:39:00,12/16/2024 11:39,D,2,NA,NA,Y,500,NA,NA,1,5,Low,503279,499863,Collected on port side ; silverside 3 +1 +1,NA,NA,20241216_1139_STTD_DRIFT,Drift Invertebrates,<0.001,<0.001,N,NA,NA,NA,,,,
273,STTD_2024-12-16 11:39:00,NA,STTD,12/16/2024,1,11:39:00,12/16/2024 11:39,D,2,NA,NA,Y,500,NA,NA,1,5,Low,503279,499863,Collected on port side ; silverside 3 +1 +1,NA,NA,20241216_1139_STTD_DRIFT,Drift Invertebrates,1.3000000000000789E-3,<0.001,N,NA,NA,NA,,,,
274,STTD_2024-12-16 11:39:00,NA,STTD,12/16/2024,1,11:39:00,12/16/2024 11:39,D,2,NA,NA,Y,500,NA,NA,1,5,Low,503279,499863,Collected on port side ; silverside 3 +1 +1,NA,NA,20241216_1139_STTD_DRIFT,Drift Invertebrates,3.8000000000000256E-3,<0.001,N,NA,NA,NA,,,,
275,STTD_2024-12-16 11:39:00,NA,STTD,12/16/2024,1,11:39:00,12/16/2024 11:39,D,2,NA,NA,Y,500,NA,NA,1,5,Low,503279,499863,Collected on port side ; silverside 3 +1 +1,NA,NA,20241216_1139_STTD_DRIFT,Drift Invertebrates,3.5000000000002807E-3,<0.001,N,NA,NA,NA,,,,
276,STTD_2024-12-16 11:39:00,NA,STTD,12/16/2024,1,11:39:00,12/16/2024 11:39,D,2,NA,NA,Y,500,NA,NA,1,5,Low,503279,499863,Collected on port side ; silverside 3 +1 +1,NA,NA,20241216_1139_STTD_DRIFT,Drift Invertebrates,5.1000000000001044E-3,1.1000000000001009E-3,N,NA,NA,NA,,,,
277,STTD_2024-12-16 11:39:00,NA,STTD,12/16/2024,1,11:39:00,12/16/2024 11:39,D,2,NA,NA,Y,500,NA,NA,1,5,Low,503279,499863,Collected on port side ; silverside 3 +1 +1,NA,NA,20241216_1139_STTD_DRIFT,Drift Invertebrates,1.000000000000334E-3,<0.001,N,NA,NA,NA,,,,
278,STTD_2024-12-16 11:39:00,NA,STTD,12/16/2024,1,11:39:00,12/16/2024 11:39,D,2,NA,NA,Y,500,NA,NA,1,5,Low,503279,499863,Collected on port side ; silverside 3 +1 +1,NA,NA,20241216_1139_STTD_DRIFT,Drift Invertebrates,2.2999999999999687E-3,<0.001,N,NA,NA,NA,,,,
279,STTD_2024-12-16 11:39:00,NA,STTD,12/16/2024,1,11:39:00,12/16/2024 11:39,D,2,NA,NA,Y,500,NA,NA,1,5,Low,503279,499863,Collected on port side ; silverside 3 +1 +1,NA,NA,20241216_1139_STTD_DRIFT,Drift Invertebrates,7.0000000000001172E-3,<0.001,N,NA,NA,NA,,,,
280,STTD_2024-12-16 11:39:00,NA,STTD,12/16/2024,1,11:39:00,12/16/2024 11:39,D,2,NA,NA,Y,500,NA,NA,1,5,Low,503279,499863,Collected on port side ; silverside 3 +1 +1,NA,NA,20241216_1139_STTD_DRIFT,Drift Invertebrates,1.1999999999998678E-3,<0.001,N,NA,NA,NA,,,,
281,STTD_2024-12-16 11:39:00,NA,STTD,12/16/2024,1,11:39:00,12/16/2024 11:39,D,2,NA,NA,Y,500,NA,NA,1,5,Low,503279,499863,Collected on port side ; silverside 3 +1 +1,NA,NA,20241216_1139_STTD_DRIFT,Drift Invertebrates,0.1048,2.4299999999999766E-2,N,NA,NA,NA,,,,
282,STTD_2024-12-16 11:39:00,NA,STTD,12/16/2024,1,11:39:00,12/16/2024 11:39,D,2,NA,NA,Y,500,NA,NA,1,5,Low,503279,499863,Collected on port side ; silverside 3 +1 +1,NA,NA,20241216_1139_STTD_DRIFT,Drift Invertebrates,0.16389999999999993,4.8200000000000021E-2,N,NA,NA,NA,,,,
283,STTD_2024-12-16 11:39:00,NA,STTD,12/16/2024,1,11:39:00,12/16/2024 11:39,D,2,NA,NA,Y,500,NA,NA,1,5,Low,503279,499863,Collected on port side ; silverside 3 +1 +1,NA,NA,20241216_1139_STTD_DRIFT,Drift Invertebrates,7.6999999999998181E-3,1.7000000000000348E-3,N,NA,NA,NA,,,,
284,STTD_2024-12-16 11:39:00,NA,STTD,12/16/2024,1,11:39:00,12/16/2024 11:39,D,2,NA,NA,Y,500,NA,NA,1,5,Low,503279,499863,Collected on port side ; silverside 3 +1 +1,NA,NA,20241216_1139_STTD_DRIFT,Drift Invertebrates,1.6899999999999693E-2,3.4000000000000696E-3,N,NA,NA,NA,,,,
285,STTD_2024-12-16 11:39:00,NA,STTD,12/16/2024,1,11:39:00,12/16/2024 11:39,D,2,NA,NA,Y,500,NA,NA,1,5,Low,503279,499863,Collected on port side ; silverside 3 +1 +1,NA,NA,20241216_1139_STTD_DRIFT,Drift Invertebrates,1.1000000000001009E-3,<0.001,N,NA,NA,NA,,,,
286,STTD_2024-12-16 11:39:00,NA,STTD,12/16/2024,1,11:39:00,12/16/2024 11:39,D,2,NA,NA,Y,500,NA,NA,1,5,Low,503279,499863,Collected on port side ; silverside 3 +1 +1,NA,NA,20241216_1139_STTD_DRIFT,Drift Invertebrates,7.2999999999998622E-3,1.1999999999998678E-3,N,NA,NA,NA,,,,
287,STTD_2024-12-16 11:39:00,NA,STTD,12/16/2024,1,11:39:00,12/16/2024 11:39,D,2,NA,NA,Y,500,NA,NA,1,5,Low,503279,499863,Collected on port side ; silverside 3 +1 +1,NA,NA,20241216_1139_STTD_DRIFT,Drift Invertebrates,8.9900000000000091E-2,2.3400000000000087E-2,N,NA,NA,NA,,,,
288,STTD_2024-12-16 11:39:00,NA,STTD,12/16/2024,1,11:39:00,12/16/2024 11:39,D,2,NA,NA,Y,500,NA,NA,1,5,Low,503279,499863,Collected on port side ; silverside 3 +1 +1,NA,NA,20241216_1139_STTD_DRIFT,Drift Invertebrates,6.800000000000006E-2,2.7200000000000113E-2,N,NA,NA,NA,,,,
289,STTD_2024-12-16 11:39:00,NA,STTD,12/16/2024,1,11:39:00,12/16/2024 11:39,D,2,NA,NA,Y,500,NA,NA,1,5,Low,503279,499863,Collected on port side ; silverside 3 +1 +1,NA,NA,20241216_1139_STTD_DRIFT,Drift Invertebrates,0.1008,3.8300000000000001E-2,N,NA,NA,NA,,,,
290,SHR_2024-12-17 09:56:00,NA,SHR,12/17/2024,1,9:56:00,12/17/2024 9:56,D,1,Sampled from SHR dock.,NA,N,500,NA,NA,1,10,Low,499000,493722,Halfed Tow,NA,NA,20241217_956_SHR_DRIFT,Drift Invertebrates,<0.001,<0.001,N,NA,NA,NA,,,,
291,SHR_2024-12-17 09:56:00,NA,SHR,12/17/2024,1,9:56:00,12/17/2024 9:56,D,1,Sampled from SHR dock.,NA,N,500,NA,NA,1,10,Low,499000,493722,Halfed Tow,NA,NA,20241217_956_SHR_DRIFT,Drift Invertebrates,<0.001,<0.001,Y,NA,NA,NA,,,,
292,SHR_2024-12-17 09:56:00,NA,SHR,12/17/2024,1,9:56:00,12/17/2024 9:56,D,1,Sampled from SHR dock.,NA,N,500,NA,NA,1,10,Low,499000,493722,Halfed Tow,NA,NA,20241217_956_SHR_DRIFT,Drift Invertebrates,2.7000000000003688E-3,<0.001,N,NA,NA,NA,,,,
293,SHR_2024-12-17 09:56:00,NA,SHR,12/17/2024,1,9:56:00,12/17/2024 9:56,D,1,Sampled from SHR dock.,NA,N,500,NA,NA,1,10,Low,499000,493722,Halfed Tow,NA,NA,20241217_956_SHR_DRIFT,Drift Invertebrates,1.2000000000003119E-3,<0.001,N,NA,NA,NA,,,,
