"event_id","Station","Date","Time","YSI","WeatherCode","Secchi","WaterTemperature","DO","SpCnd","Conductivity","pH","Turbidity","Tide","FlowDirection","MicrocystisVisualRank","VegetationRank","FieldComments_WQ","DataCorrectionComments","Datetime","ConditionCode","SamplingAltered","MeterSetTime","FlowMeterStart","FlowMeterEnd","FlowMeterSpeed","FieldComments","MeshSize","Year","Month","MonthAbb","Flag_PQC","Comment_PQC"
"STTD_2023-01-03 11:00:00","STTD",2023-01-03,"11:00:00",3,"CLD",0.27,8.5,7.69,505,346,7.47,43.8,"HIGH","D",1,2,NA,NA,2023-01-03 11:00:00,1,"Y",10,866258,855725,"Low","Towed from jon boat (forward)",500,"2023","1","Jan","",NA
"SHR_2023-01-04 08:50:00","SHR",2023-01-04,"08:50:00",3,"RAN",0.13,8.9,10.62,109,76,7.27,104.8,"EBB","D",1,1,"Sampling was performed from dock instead of boat b/c of wind & flow",NA,2023-01-04 08:50:00,1,"Y",5,855635,852496,"Low","All tows reduced to half time b/c of silt concentration",500,"2023","1","Jan","",NA
"SHR_2023-01-11 09:12:00","SHR",2023-01-11,"09:12:00",3,"RAN",0.13,10,10.43,119,85,7.27,87.5,"FLD","D",1,1,"Sampled from dock",NA,2023-01-11 09:12:00,1,"Y",5,852318,859967,"Reg","Towed from dock.",500,"2023","1","Jan","",NA
"STTD_2023-01-12 10:10:00","STTD",2023-01-12,"10:10:00",3,"CLR",0.09,9.9,9.06,198,198,7.32,159.7,"OB","D",1,3,NA,"Surface Irradiance changed to 1794.9 was 1764.9",2023-01-12 10:10:00,1,"Y",5,860192,866218,"Reg","Reduced sampling time to half.",500,"2023","1","Jan","",NA
"STTD_2023-01-17 12:18:00","STTD",2023-01-17,"12:18:00",3,"CLR",0.08,10.3,8.89,133,96,7.25,149.1,"OB","D",1,2,"Sampled off RST in middle of channel. LOTS OF FLOW - difficult to sample w/ van dom. Very turbid, lots of debris",NA,2023-01-17 12:18:00,1,"Y",5,871202,887305,"Reg",NA,500,"2023","1","Jan","",NA
"SHR_2023-01-18 08:53:00","SHR",2023-01-18,"08:53:00",3,"CLR",0.13,9.5,9.48,110,77,7.15,89.3,"OB","D",1,1,"Sampled from dock @SHR harbor. Flow prevented measurment @ last irradiance value b/c could not hold pole vertically",NA,2023-01-18 08:53:00,1,"Y",5,887544,894502,"Reg",NA,500,"2023","1","Jan","",NA
"SHR_2023-01-23 09:22:00","SHR",2023-01-23,"09:22:00",1,"CLR",0.15,8,10.86,143,96,7.49,71.4,"OB","D",1,1,"Flow may not be over bank, but water is receeding from overtopping event (to account for 10d post overtopping).",NA,2023-01-23 09:22:00,1,"N",10,894448,887602,"Low","Velocity @FPT CDEC station was ~3.10ft/sec morning of sampling.",500,"2023","1","Jan","",NA
"STTD_2023-01-24 10:28:00","STTD",2023-01-24,"10:28:00",1,"CLR",0.1,7.2,9.71,281,186,7.4,110.7,"OB","D",1,2,"Turbid water; Turbulent water made getting accurate light depth measurements difficult.",NA,2023-01-24 10:28:00,1,"Y",5,888371,903687,"Low",NA,500,"2023","1","Jan","",NA
"SHR_2023-01-31 10:10:00","SHR",2023-01-31,"10:10:00",3,"CLR",0.19,7.8,10.78,188,126,7.55,35.6,"FLD","D",1,2,NA,NA,2023-01-31 10:10:00,1,"Y",5,913037,923360,"Reg",NA,500,"2023","1","Jan","",NA
"STTD_2023-01-30 09:52:00","STTD",2023-01-30,"09:52:00",1,"CLR",0.12,7.1,9.04,440,289,7.5,95.4,"OB","D",1,2,NA,NA,2023-01-30 09:52:00,1,"Y",5,903730,912777,"Reg",NA,500,"2023","1","Jan","",NA
"STTD_2023-02-09 11:01:00","STTD",2023-02-09,"11:01:00",3,"CLR",0.22,10.2,8.57,622,445,7.68,38.2,"EBB","D",1,2,NA,NA,2023-02-09 11:01:00,1,"Y",5,923400,920826,"Low",NA,500,"2023","2","Feb","",NA
"SHR_2023-02-10 08:58:00","SHR",2023-02-10,"08:58:00",3,"CLR",0.37,9.5,10.96,169,119,7.6,22.4,"EBB","D",1,2,NA,NA,2023-02-10 08:58:00,1,"N",10,920801,909543,"Low",NA,500,"2023","2","Feb","",NA
"SHR_2023-02-22 09:47:00","SHR",2023-02-22,"09:47:00",3,"CLR",0.84,9.5,11.23,161,113,7.8,12.8,"EBB","D",1,2,"1% light measurement taken at toal depth of pole (2.19m)",NA,2023-02-22 09:47:00,1,"N",10,904790,894810,"Low",NA,500,"2023","2","Feb","",NA
"STTD_2023-02-21 10:20:00","STTD",2023-02-21,"10:20:00",1,"CLR",0.34,10.5,10.47,716,519,8.07,16.2,"EBB","D",1,2,NA,NA,2023-02-21 10:20:00,1,"N",10,909365,905288,"Low",NA,500,"2023","2","Feb","",NA
"STTD_2023-03-06 09:45:00","STTD",2023-03-06,"09:45:00",1,"CLD",0.22,9.4,9.68,669,470,7.94,33.5,"EBB","D",1,2,"Sun kept going behind clouds and then out",NA,2023-03-06 09:45:00,1,"N",10,894711,889702,"Low",NA,500,"2023","3","Mar","",NA
"SHR_2023-03-07 09:10:00","SHR",2023-03-07,"09:10:00",1,"CLR",0.4,8.8,11.26,159,110,7.7,12.9,"EBB","D",1,2,NA,NA,2023-03-07 09:10:00,1,"N",10,889632,878343,"Low",NA,500,"2023","3","Mar","",NA
"STTD_2023-03-16 09:34:00","STTD",2023-03-16,"09:34:00",3,"CLR",0.15,11,9.68,161,118,7.43,52.4,"OB","D",1,2,NA,NA,2023-03-16 09:34:00,1,"Y",5,1100,4464,"Reg","Reduced tow time 1/2. RSTR moved to side of channel & sampled on port side",500,"2023","3","Mar","",NA
"SHR_2023-03-17 08:34:00","SHR",2023-03-17,"08:34:00",3,"CLR",0.29,10.1,11.19,92,66,7.3,26.1,"OB","D",1,1,"Strong flow velocity.",NA,2023-03-17 08:34:00,1,"N",10,4900,21995,"Reg","Sampled from Sherwood Harbor",500,"2023","3","Mar","",NA
"STTD_2023-03-29 08:32:00","STTD",2023-03-29,"08:32:00",1,"RAN",0.15,10.8,9.33,364,265,7.82,52.7,"OB","D",1,2,"Very high flows. Rainy and cloudy",NA,2023-03-29 08:32:00,1,"N",10,38550,58122,"Reg",NA,500,"2023","3","Mar","",NA
"SHR_2023-03-28 09:07:00","SHR",2023-03-28,"09:07:00",1,"RAN",0.28,10.7,10.71,138,100,7.56,34.4,"OB","D",1,1,NA,NA,2023-03-28 09:07:00,1,"N",10,22265,35275,"Reg",NA,500,"2023","3","Mar","",NA
"STTD_2023-04-03 09:42:00","STTD",2023-04-03,"09:42:00",3,"CLR",0.14,12.9,9.54,457,351,8.09,44.2,"OB","D",1,2,NA,NA,2023-04-03 09:42:00,1,"N",10,51067,34572,"Low",NA,500,"2023","4","Apr","",NA
"SHR_2023-04-03 07:01:00","SHR",2023-04-03,"07:01:00",3,"CLR",0.28,11.2,10.78,133,98,7.53,26.2,"OB","D",1,1,"lots of sediment in water","Changed sp.cond from 113 to 133",2023-04-03 07:01:00,1,"N",10,58131,51221,"Low","Lots of sediment in water",500,"2023","4","Apr","",NA
"STTD_2023-04-10 09:25:00","STTD",2023-04-10,"09:25:00",3,"CLR",0.28,17.8,9.76,550,474,8.36,19.1,"OB","D",1,1,NA,NA,2023-04-10 09:25:00,1,"N",10,34380,23251,"Low",NA,500,"2023","4","Apr","",NA
"SHR_2023-04-11 09:14:00","SHR",2023-04-11,"09:14:00",1,"CLR",0.16,13.1,10.32,134,103,7.55,59.5,"OB","D",1,2,"Slightly cloudy. Light attenuation meter not operating properly. No data.",NA,2023-04-11 09:14:00,1,"N",10,20300,8872,"Low",NA,500,"2023","4","Apr","",NA
"STTD_2023-05-01 09:07:00","STTD",2023-05-01,"09:07:00",3,"CLD",NA,20.3,6.3,752,685,7.86,25.8,"EBB","D",1,1,"Forgot secchi",NA,2023-05-01 09:07:00,1,"N",10,8693,5129,"Low",NA,500,"2023","5","May","",NA
"SHR_2023-05-02 09:37:00","SHR",2023-05-02,"09:37:00",3,"CLD",0.47,13.5,10.16,98,76,7.46,20.1,"EBB","D",1,1,"Cloudy for light attenuation",NA,2023-05-02 09:37:00,1,"N",10,5033,989491,"Low","Went around the horn on flowmeter revs (3266 revs)",500,"2023","5","May","",NA
"STTD_2023-05-15 08:12:00","STTD",2023-05-15,"08:12:00",1,"CLR",0.2,21.3,4.68,541,502,7.61,38.2,"EBB","D",1,1,NA,NA,2023-05-15 08:12:00,1,"N",10,989423,985231,"Low",NA,500,"2023","5","May","",NA
"SHR_2023-05-16 08:39:00","SHR",2023-05-16,"08:39:00",1,"CLR",0.56,15.1,9.85,90,73,7.28,10.7,"EBB","D",1,1,"last measurement recorded at total depth of pole (2.19m).",NA,2023-05-16 08:39:00,1,"N",10,984822,971549,"Low",NA,500,"2023","5","May","",NA
"STTD_2023-05-30 08:04:00","STTD",2023-05-30,"08:04:00",1,"CLR",0.3,19.3,7.23,603,537,8.06,24.3,"EBB","D",1,2,"Windy",NA,2023-05-30 08:04:00,1,"N",10,971374,968399,"Low",NA,500,"2023","5","May","",NA
"SHR_2023-05-31 08:06:00","SHR",2023-05-31,"08:06:00",1,"CLD",0.65,16.3,9.59,84,70,7.31,11.7,"EBB","D",1,1,"Strong current. Heavy silt",NA,2023-05-31 08:06:00,1,"N",10,968241,957202,"Low","Boat motor used",500,"2023","5","May","",NA
"STTD_2023-06-12 08:17:00","STTD",2023-06-12,"08:17:00",1,"CLD",0.34,19.7,7.64,490,440,8.02,25,"EBB","D",1,2,"Cloudy","Changed Sampling number from ES06223B0322 to ES0623B0322",2023-06-12 08:17:00,1,"N",10,957107,954804,"Low",NA,500,"2023","6","Jun","",NA
"SHR_2023-06-13 09:01:00","SHR",2023-06-13,"09:01:00",1,"CLR",0.82,17.3,9.36,96,82,7.29,10.1,"FLD","D",1,1,"Very sunny, last subsurface irradiance measurement recorded at max depth",NA,2023-06-13 09:01:00,1,"N",10,954488,943846,"Low",NA,500,"2023","6","Jun","",NA
"SHR_2023-06-27 08:53:00","SHR",2023-06-27,"08:53:00",2,"CLR",0.8,19.5,8.86,118,105,7.64,9.7,"FLD","D",1,1,"last measurement recorded at total depth of pole (2.19m).",NA,2023-06-27 08:53:00,1,"N",10,993386,985887,"Low","live zoop tow:10 mins",500,"2023","6","Jun","",NA
"STTD_2023-06-26 12:24:00","STTD",2023-06-26,"12:24:00",2,"CLR",0.54,22.1,8.81,202,191,8.95,14.7,"FLD","U",1,1,NA,NA,2023-06-26 12:24:00,1,"N",10,712,993444,"Low",NA,500,"2023","6","Jun","",NA
"STTD_2023-07-10 10:55:00","STTD",2023-07-10,"10:55:00",2,"CLR",0.52,21.1,8.32,196,181,8.32,18.4,"FLD","U",1,2,NA,NA,2023-07-10 10:55:00,1,"N",10,985777,974573,"Low","John boat trolling motor",500,"2023","7","Jul","",NA
"SHR_2023-07-11 09:02:00","SHR",2023-07-11,"09:02:00",3,"CLR",NA,20.6,8.81,100,92,7.52,8.1,"FLD","D",1,1,"Mack forgot secchi - no measurement. Last measurement recorded at total depth of pole (2.19m).",NA,2023-07-11 09:02:00,1,"N",10,974300,966711,"Low",NA,500,"2023","7","Jul","",NA
"STTD_2023-07-25 11:08:00","STTD",2023-07-25,"11:08:00",2,"CLR",0.7,25.6,8.28,184,186,8.63,9.2,"FLD","U",1,2,"0.01 hit max depth of pole before reaching goal micromol","Changed WDL_SAM code from ES0723B0495 to ES0723B0496",2023-07-25 11:08:00,NA,"N",10,966562,957072,"Low",NA,500,"2023","7","Jul","",NA
"SHR_2023-07-26 08:40:00","SHR",2023-07-26,"08:40:00",1,"CLR",0.65,21.4,8.42,116,108,7.01,10.7,"FLD","D",1,1,"last measurement taken at total depth of pole (2.19m).",NA,2023-07-26 08:40:00,1,"N",10,956812,949632,"Low",NA,500,"2023","7","Jul","",NA
"STTD_2023-08-08 11:30:00","STTD",2023-08-08,"11:30:00",3,"CLR",0.87,25.2,7.92,173,174,8.5,11.9,"FLD","U",1,2,"Forgot light attenuation meter @ office. None taken.",NA,2023-08-08 11:30:00,1,"N",10,949368,938722,"Low","John boat w/ motor",500,"2023","8","Aug","",NA
"SHR_2023-08-09 08:50:00","SHR",2023-08-09,"08:50:00",1,"CLR",NA,20.9,8.51,119,109,7.36,9.1,"EBB","D",1,1,"last measurement taken @ total depth of pole (2.19). Forgot rope secchi",NA,2023-08-09 08:50:00,1,"N",10,938550,933212,"Low",NA,500,"2023","8","Aug","",NA
"STTD_2023-08-22 11:36:00","STTD",2023-08-22,"11:36:00",3,"CLR",0.56,25,6.98,182,182,7.79,13.1,"EBB","D",1,1,"Double check tide on CDEC. Last measurement recorded at full depth of pole (2.19)","Added light attenuation data. Changed Field check to False because same name as recorder.",2023-08-22 11:36:00,1,"N",10,922853,923250,"Low",NA,500,"2023","8","Aug","",NA
"SHR_2023-08-23 09:05:00","SHR",2023-08-23,"09:05:00",1,"CLR",0.75,21.5,8.12,136,127,7.56,12,"FLD","D",1,1,"last measurement taken at total depth of pole (2.19m).","Added light attenuation data. Added field comment.",2023-08-23 09:05:00,1,"N",10,923047,915218,"Low",NA,500,"2023","8","Aug","",NA
"STTD_2023-09-06 11:12:00","STTD",2023-09-06,"11:12:00",1,"CLR",0.58,22.6,7.31,190,182,7.6,13.5,"FLD","U",1,2,"USGS pesticide bottle open before sampling. Final depth recorded @ full length of pole 2.19m.",NA,2023-09-06 11:12:00,1,"N",10,915023,903836,"Low",NA,500,"2023","9","Sep","",NA
"SHR_2023-09-07 09:14:00","SHR",2023-09-07,"09:14:00",1,"CLR",0.7,19.5,8.55,151,135,7.39,11.1,"EBB","D",1,1,"last measurement taken @ total depth of pole.","date changed from 9/6 to 9/7",2023-09-07 09:14:00,1,"N",10,903000,894086,"Low",NA,500,"2023","9","Sep","",NA
"STTD_2023-09-19 11:23:00","STTD",2023-09-19,"11:23:00",3,"CLR",0.32,21.6,7.79,412,385,7.94,19.1,"EBB","D",1,2,NA,NA,2023-09-19 11:23:00,1,"N",10,889000,879107,"Low",NA,500,"2023","9","Sep","",NA
"SHR_2023-09-18 08:44:00","SHR",2023-09-18,"08:44:00",2,"CLR",0.9,19.5,8.72,141,127,7.66,7,"HIGH","D",1,1,"Final measurement taken @full length of pole (2.19 m)","corrected sp. Cond 717 to 141",2023-09-18 08:44:00,1,"N",10,894048,889688,"Low",NA,500,"2023","9","Sep","",NA
"STTD_2023-10-03 11:03:00","STTD",2023-10-03,"11:03:00",1,"CLR",0.45,19.5,8.36,200,178,7.96,12,"EBB","D",1,2,"End of pole on light attenuation.","corrected 25% surface irradiance from 424.6 to 434.6",2023-10-03 11:03:00,1,"N",10,879034,875929,"Low","Off screw trap on ebb tide",500,"2023","10","Oct","",NA
"SHR_2023-10-04 09:28:00","SHR",2023-10-04,"09:28:00",1,"CLR",1.76,17.4,9.17,111,95,7.38,6.6,"FLD","D",1,1,"End of pole on light attenuation.",NA,2023-10-04 09:28:00,1,"N",10,875750,886511,"Low",NA,500,"2023","10","Oct","",NA
"STTD_2023-10-16 11:03:00","STTD",2023-10-16,"11:03:00",3,"CLD",0.84,19.7,8.53,180,161,7.93,11.1,"EBB","D",1,2,"Last measurement @total depth of pole (2.19m)",NA,2023-10-16 11:03:00,1,"N",10,868000,865238,"Low",NA,500,"2023","10","Oct","",NA
"SHR_2023-10-17 08:47:00","SHR",2023-10-17,"08:47:00",2,"CLR",2,16.4,9.49,113,95,7.58,3.8,"EBB","D",1,1,"end of pole for light attenuation",NA,2023-10-17 08:47:00,1,"N",10,865105,854396,"Low",NA,500,"2023","10","Oct","",NA
"STTD_2023-10-30 09:50:00","STTD",2023-10-30,"09:50:00",3,"CLR",1.18,13.5,9.96,184,144,8.19,7.9,"FLD","D",1,2,"end of pole for light attenuation",NA,2023-10-30 09:50:00,1,"N",10,854156,851799,"Low",NA,500,"2023","10","Oct","",NA
"SHR_2023-11-01 08:50:00","SHR",2023-11-01,"08:50:00",1,"CLD",1,12.7,10.26,127,97,7.32,5.8,"FLD","D",1,2,"Off & on cloudy- precision difficult. Last measurement at total depth of pole.",NA,2023-11-01 08:50:00,1,"N",10,851617,841120,"Low",NA,500,"2023","11","Nov","",NA
"STTD_2023-11-13 10:10:00","STTD",2023-11-13,"10:10:00",1,"CLR",1.2,14.1,9.74,192,152,7.95,6.2,"EBB","D",1,2,"light attenuation - last measurement at total depth of pole (2.19m). Clear water.",NA,2023-11-13 10:10:00,1,"N",10,840921,838520,"Low",NA,500,"2023","11","Nov","",NA
"SHR_2023-11-14 09:55:00","SHR",2023-11-14,"09:55:00",1,"CLD",2,13.1,9.96,127,98,7.39,4.2,"EBB","D",1,2,"light attenuation - last measurement at total depth of pole (2.19m)",NA,2023-11-14 09:55:00,1,"N",10,838200,826919,"Low",NA,500,"2023","11","Nov","",NA
"STTD_2023-11-27 09:55:00","STTD",2023-11-27,"09:55:00",3,"CLR",0.74,9.7,10.66,196,138,7.85,9.9,"EBB","D",1,2,"Light attenuation - last measurement taken @ total depth of pole",NA,2023-11-27 09:55:00,1,"N",10,826845,823876,"Low",NA,500,"2023","11","Nov","",NA
"SHR_2023-11-28 09:22:00","SHR",2023-11-28,"09:22:00",3,"CLR",1.7,9.9,10.52,155,110,7.56,7.7,"EBB","D",1,1,"Light attenuation - last measurement @ total depth of pole (2.19m)",NA,2023-11-28 09:22:00,1,"N",10,824000,813115,"Low",NA,500,"2023","11","Nov","",NA
"STTD_2023-12-11 09:49:00","STTD",2023-12-11,"09:49:00",1,"CLR",1,9.6,9.46,382,269,7.54,7.5,"EBB","D",1,2,"Used electric motor to perform tows- Not enough current. Light attenuation last measurement at total depth of RIVER",NA,2023-12-11 09:49:00,3,"N",10,813053,805388,"Low","Used electric motor due to not enough current. Too much in sample. Could not fit everything in bottle.",500,"2023","12","Dec","",NA
"SHR_2023-12-12 09:44:00","SHR",2023-12-12,"09:44:00",1,"CLR",1.1,9.4,10.63,163,114,7.4,8.8,"EBB","D",1,1,NA,NA,2023-12-12 09:44:00,1,"N",10,805288,792994,"Low",NA,500,"2023","12","Dec","",NA
"STTD_2023-12-26 09:29:00","STTD",2023-12-26,"09:29:00",1,"CLD",0.4,10.1,6.1,541,394,7.37,16.4,"EBB","D",1,2,"Very cloudy",NA,2023-12-26 09:29:00,1,"N",10,792898,788986,"Low",NA,500,"2023","12","Dec","",NA
"SHR_2023-12-27 09:32:00","SHR",2023-12-27,"09:32:00",1,"CLD",0.5,10.1,10.03,199,142,7.27,19.7,"EBB","D",1,1,"Very overcast.",NA,2023-12-27 09:32:00,2,"N",10,789000,778446,"Low","Lots of debris",500,"2023","12","Dec","",NA
"STTD_2024-01-08 09:19:00","STTD",2024-01-08,"09:19:00",1,"CLD",0.3,8.5,7.95,480,329,7.54,26,"EBB","D",1,2,"Highly turbid (lots of TSS?)",NA,2024-01-08 09:19:00,1,"N",10,778200,770475,"Low","Towed from boat-FLD tide",500,"2024","1","Jan","",NA
"SHR_2024-01-09 10:11:00","SHR",2024-01-09,"10:11:00",2,"RAN",0.5,8.7,10.69,200,138,7.6,16.6,"FLD","D",1,2,"very cloudy","corrected field comments",2024-01-09 10:11:00,2,"N",10,770400,759800,"Low","Lots of debris",500,"2024","1","Jan","",NA
"STTD_2024-01-29 11:44:00","STTD",2024-01-29,"11:44:00",3,"CLR",0.15,14,6.25,517,408,7.52,42,"EBB","D",1,2,NA,"corrected light attenuation third depth from 0.08 to 0.18",2024-01-29 11:44:00,NA,NA,NA,NA,NA,NA,NA,NA,"2024","1","Jan","",NA
"SHR_2024-01-30 09:37:00","SHR",2024-01-30,"09:37:00",3,"CLD",0.3,12.2,9.14,163,123,7.34,33.1,"EBB","D",1,2,NA,NA,2024-01-30 09:37:00,1,"N",10,849800,838636,"Low",NA,500,"2024","1","Jan","",NA
"STTD_2024-02-06 09:58:00","STTD",2024-02-06,"09:58:00",1,"CLD",0.08,11.6,7.7,420,313,7.54,158.8,"LOW","D",1,2,"High turbidity, low light. Bypass flooding.",NA,2024-02-06 09:58:00,1,"N",5,838525,836337,"Low","Reduced tow time - high turbidity. Used low flow rotor b/c best available data indicated ft/s < 3.0",500,"2024","2","Feb","",NA
"SHR_2024-02-07 09:16:00","SHR",2024-02-07,"09:16:00",1,"CLD",0.18,10.8,9.53,139,102,6.97,77.4,"EBB","D",1,2,NA,NA,2024-02-07 09:16:00,NA,NA,5,836288,832732,"Low","Halfed tows",500,"2024","2","Feb","",NA
"STTD_2024-02-13 12:12:00","STTD",2024-02-13,"12:12:00",2,"CLR",0.15,11.4,6.93,227,168,7.28,64.2,"OB","D",1,2,"Fast water, difficult van dorn grab.",NA,2024-02-13 12:12:00,1,"Y",5,832666,823164,"Low","Halfed tows. Ft/sec on CDEC @ beginning of day < 2.8 ft/s",500,"2024","2","Feb","",NA
"SHR_2024-02-14 09:14:00","SHR",2024-02-14,"09:14:00",2,"CLD",0.25,10.5,9.79,158,114,7.45,34.7,"OB","D",1,2,NA,NA,2024-02-14 09:14:00,1,"N",10,823157,817509,"Low",NA,500,"2024","2","Feb","",NA
"STTD_2024-02-20 09:53:00","STTD",2024-02-20,"09:53:00",2,"CLD",0.21,12.9,7.89,378,291,7.72,43.2,"OB","D",1,2,NA,NA,2024-02-20 09:53:00,1,"N",5,816200,806916,"Low","Halfed tows b/c of flow",500,"2024","2","Feb","",NA
"SHR_2024-02-21 08:50:00","SHR",2024-02-21,"08:50:00",1,"CLD",0.21,11.5,9.97,128,95,7.01,51.2,"OB","D",1,1,NA,NA,2024-02-21 08:50:00,1,"N",5,806700,803106,"Low",NA,500,"2024","2","Feb","",NA
"STTD_2024-02-26 11:12:00","STTD",2024-02-26,"11:12:00",2,"CLR",NA,12.8,8.84,155,119,7.33,74.2,"OB","D",1,2,"Forgot secchi. No tows were taken due to high debris.",NA,2024-02-26 11:12:00,NA,NA,NA,NA,NA,NA,NA,NA,"2024","2","Feb","",NA
"SHR_2024-02-27 08:51:00","SHR",2024-02-27,"08:51:00",2,"CLD",0.29,12.1,9.68,133,100,7.27,30.6,"OB","D",1,2,NA,NA,2024-02-27 08:51:00,1,"N",10,803000,795709,"Low",NA,500,"2024","2","Feb","",NA
"STTD_2024-03-04 09:39:00","STTD",2024-03-04,"09:39:00",1,"CLD",0.26,10,9.95,176,126,7.4,38.1,"OB","D",1,2,"Very overcast.",NA,2024-03-04 09:39:00,1,"N",5,795400,787575,"Low","Halfed tows",500,"2024","3","Mar","",NA
"SHR_2024-03-05 11:48:00","SHR",2024-03-05,"11:48:00",2,"CLD",0.41,9.7,10.85,128,91,7.49,19.6,"OB","D",1,2,"Overcast",NA,2024-03-05 11:48:00,1,"N",10,787300,780270,"Low",NA,500,"2024","3","Mar","",NA
"STTD_2024-03-11 08:50:00","STTD",2024-03-11,"08:50:00",2,"CLR",0.37,13.8,8.68,394,310,7.83,21,"OB","D",1,2,"Water moving too fast to safely get last number w/o risking breaking bulb","corrected EC from 910 to 310",2024-03-11 08:50:00,1,"N",5,780150,771167,"Low","Should probably be 'REG'",500,"2024","3","Mar","",NA
"SHR_2024-03-12 08:02:00","SHR",2024-03-12,"08:02:00",1,"CLD",0.42,11.6,10.63,129,96,7.38,18.3,"OB","D",1,2,"Very overcast.","corrected recorder name and crew. Corrected turb from 18.4 to 18.3",2024-03-12 08:02:00,1,"N",10,771200,764975,"Low",NA,500,"2024","3","Mar","",NA
"STTD_2024-03-25 09:21:00","STTD",2024-03-25,"09:21:00",1,"CLR",0.31,15.1,8.03,570,463,7.78,26,"EBB","D",1,2,NA,NA,2024-03-25 09:21:00,1,"N",10,764914,762812,"Low",NA,500,"2024","3","Mar","",NA
"SHR_2024-03-26 07:58:00","SHR",2024-03-26,"07:58:00",1,"CLR",0.53,12.9,10.35,126,97,7.36,17.9,"EBB","D",1,2,"I st. CFS ≈ 39000. Sampled from doc.",NA,2024-03-26 07:58:00,1,"N",10,763000,757879,"Low",NA,500,"2024","3","Mar","",NA
"STTD_2024-04-08 09:07:00","STTD",2024-04-08,"09:07:00",2,"CLR",0.3,14.4,9.08,543,432,8.12,23.5,"EBB","D",1,1,"Irradiance affected by eclipse!","corrected SAM code",2024-04-08 09:07:00,1,"N",10,757747,748832,"Low",NA,500,"2024","4","Apr","",NA
"SHR_2024-04-09 08:29:00","SHR",2024-04-09,"08:29:00",1,"CLR",0.54,13.1,10.34,135,105,7.18,20.3,"EBB","D",1,1,NA,NA,2024-04-09 08:29:00,1,"N",10,748669,744491,"Low",NA,500,"2024","4","Apr","",NA
"STTD_2024-04-15 10:20:00","STTD",2024-04-15,"10:20:00",2,"CLD",0.43,14.6,8.35,524,420,8.05,17.5,"FLD","D",1,2,"Partially cloudy","corrected 237 to 237.6",2024-04-15 10:20:00,1,"N",10,744257,738317,"Low","Switched to Ebb tide",500,"2024","4","Apr","",NA
"SHR_2024-04-16 08:49:00","SHR",2024-04-16,"08:49:00",2,"CLR",0.65,14.1,10.09,127,101,7.61,13.2,"FLD","D",1,2,"Partially cloudy. Last measurement @ total depth of pole.",NA,2024-04-16 08:49:00,1,"N",10,738082,728129,"Low",NA,500,"2024","4","Apr","",NA
"STTD_2024-05-06 09:14:00","STTD",2024-05-06,"09:14:00",2,"CLR",0.24,18,5.56,736,638,7.61,28.7,"EBB","D",1,2,"Herbicide treatment right above RST launch site.","Changed DO from 15.56 to 5.56 and added field comment",2024-05-06 09:14:00,1,"N",10,728000,722539,"Low","From trap",500,"2024","5","May","",NA
"SHR_2024-05-07 09:20:00","SHR",2024-05-07,"09:20:00",2,"CLR",0.7,15.3,9.77,117,96,7.12,13.1,"EBB","D",1,2,"Last measurement @ total depth of pole","Changed DO from 9.97 to 9.77",2024-05-07 09:20:00,1,"N",10,722000,712565,"Low",NA,500,"2024","5","May","",NA
"STTD_2024-05-20 07:50:00","STTD",2024-05-20,"07:50:00",1,"CLR",0.3,20.1,6.54,518,469,8.2,27.7,"EBB","D",1,2,"Windy","Changed Temp from 20.8 to 20.1. Added field comment.",2024-05-20 07:50:00,1,"N",10,712000,707791,"Low",NA,500,"2024","5","May","",NA
"SHR_2024-05-21 09:32:00","SHR",2024-05-21,"09:32:00",1,"CLR",0.9,18.1,9.31,95,82,7.56,10.2,"EBB","D",1,1,"last measurement @ total depth of pole",NA,2024-05-21 09:32:00,1,"N",10,707700,697770,"Low",NA,500,"2024","5","May","",NA
"STTD_2024-06-03 08:25:00","STTD",2024-06-03,"08:25:00",1,"CLD",0.4,22.1,7.6,337,318,8.6,25.6,"EBB","D",1,2,"cloudy",NA,2024-06-03 08:25:00,2,"Y",10,545000,541323,"Low","Numbers on flowmeter sliding around: use larval net rotor for tow",500,"2024","6","Jun","",NA
"SHR_2024-06-04 09:00:00","SHR",2024-06-04,"09:00:00",3,"CLR",0.9,20.6,8.65,111,102,7.54,10.2,"EBB","D",1,2,"last measurement at total depth of pole, lots of cottonwood","Changed EC from 1020 to 102",2024-06-04 09:00:00,1,"N",10,697046,690412,"Low",NA,500,"2024","6","Jun","",NA
"STTD_2024-06-17 08:24:00","STTD",2024-06-17,"08:24:00",2,"CLR",0.32,22.7,8.43,231,221,8.72,24.3,"EBB","D",1,1,"mmHg= 760.5",NA,2024-06-17 08:24:00,1,"N",10,689750,685063,"Low",NA,500,"2024","6","Jun","",NA
"SHR_2024-06-18 08:46:00","SHR",2024-06-18,"08:46:00",1,"CLR",NA,20.8,8.48,114,105,7.56,11.1,"EBB","D",1,1,"Last measurement @ total depth of pole",NA,2024-06-18 08:46:00,1,"N",10,865000,674480,"Low",NA,500,"2024","6","Jun","",NA
"STTD_2024-07-01 08:00:00","STTD",2024-07-01,"08:00:00",3,"CLR",0.4,25.1,7.81,208,208,8.52,17.1,"EBB","D",1,2,NA,NA,2024-07-01 08:00:00,1,"N",10,674400,669957,"Low",NA,500,"2024","7","Jul","",NA
"SHR_2024-07-02 07:30:00","SHR",2024-07-02,"07:30:00",3,"CLR",1.1,21.7,8.44,101,94,7.43,10.6,"EBB","D",1,1,"Last measurement at total depth of pole; HOT! USGS contaminants sampling",NA,2024-07-02 07:30:00,1,"N",10,669662,659372,"Low",NA,500,"2024","7","Jul","",NA
"STTD_2024-07-15 09:23:00","STTD",2024-07-15,"09:23:00",3,"CLR",0.43,24.3,7.58,178,175,8.44,20.4,"FLD","U",1,2,NA,"Changed SurfaceIrr",2024-07-15 09:23:00,1,"N",10,659083,652956,"Low",NA,500,"2024","7","Jul","",NA
"SHR_2024-07-16 08:11:00","SHR",2024-07-16,"08:11:00",2,"CLR",1,20.6,8.64,105,97,7.17,6.9,"EBB","D",1,1,"last measurment taken at total length of pole",NA,2024-07-16 08:11:00,1,"N",10,652957,642642,"Low",NA,500,"2024","7","Jul","",NA
"STTD_2024-07-29 08:34:00","STTD",2024-07-29,"08:34:00",2,"CLR",0.42,22.1,7.88,165,156,8.23,17.8,"FLD","U",1,2,NA,NA,2024-07-29 08:34:00,1,"N",10,642700,638297,"Low",NA,500,"2024","7","Jul","",NA
"SHR_2024-07-30 08:59:00","SHR",2024-07-30,"08:59:00",2,"CLR",0.8,20.4,8.74,111,101,7.5,6.5,"EBB","D",1,2,"Last measurement taken at length of pole","added field comment",2024-07-30 08:59:00,1,"N",10,638000,630647,"Low",NA,500,"2024","7","Jul","",NA
"STTD_2024-08-12 09:01:00","STTD",2024-08-12,"09:01:00",1,"CLR",0.34,22.9,7.58,174,167,8.14,20.1,"FLD","U",1,1,"Few Clouds","added field comment; Changed SAMcode from ES0824B00039 to ES0824B00040; Changed DriftData from FALSE to TRUE",2024-08-12 09:01:00,1,"N",10,630580,625465,"Low",NA,500,"2024","8","Aug","",NA
"SHR_2024-08-13 07:51:00","SHR",2024-08-13,"07:51:00",1,"CLR",NA,20.2,8.74,121,110,7.2,8.6,"EBB","D",1,1,"end of pole for light attenuation; no secchi, forgot","Added field comment; Deleted secchi value, added lolson to crew; changed program name from NDFS to Shared; Changed DriftData from FALSE to TRUE",2024-08-13 07:51:00,1,"N",10,625400,616216,"Low",NA,500,"2024","8","Aug","",NA
"STTD_2024-08-26 07:54:00","STTD",2024-08-26,"07:54:00",1,"CLR",0.39,21.9,7.1,181,171,7.74,23,"FLD","U",1,2,NA,NA,2024-08-26 07:54:00,1,"Y",10,615919,610905,"Low",NA,500,"2024","8","Aug","",NA
"SHR_2024-08-27 08:30:00","SHR",2024-08-27,"08:30:00",3,"CLR",1,19.7,8.69,142,128,7.53,9.8,"FLD","D",1,1,"Last measurement @ total depth of pole","Changed DriftData and 50_ZoopData from FALSE to TRUE",2024-08-27 08:30:00,1,"N",10,610900,601270,"Low",NA,500,"2024","8","Aug","",NA
"STTD_2024-09-09 09:06:00","STTD",2024-09-09,"09:06:00",2,"CLR",0.64,24,7.21,194,191,7.88,13.2,"FLD","U",1,1,"Last measurement @ end of pole (2.19m)","Added field comment",2024-09-09 09:06:00,1,"N",10,601100,595718,"Low",NA,500,"2024","9","Sep","",NA
"SHR_2024-09-10 09:45:00","SHR",2024-09-10,"09:45:00",2,"CLR",0.9,19.5,8.8,149,134,7.41,7,"FLD","D",1,1,"Last measurement @ end of pole","Changed turbidity from 21.1 to 7.0. Added field comment",2024-09-10 09:45:00,1,"N",10,595493,587711,"Low",NA,500,"2024","9","Sep","",NA
"STTD_2024-09-23 07:55:00","STTD",2024-09-23,"07:55:00",1,"CLR",0.75,21,7.54,220,203,7.71,13.5,"FLD","U",1,1,NA,NA,2024-09-23 07:55:00,1,"N",10,587498,580553,"Low",NA,500,"2024","9","Sep","",NA
"SHR_2024-09-24 10:00:00","SHR",2024-09-24,"10:00:00",1,"CLR",1.23,18.6,8.88,124,109,7.69,8.6,"EBB","D",1,1,"Last measurment at total length of pole",NA,2024-09-24 10:00:00,1,"N",10,572142,582400,"Low","levee work on bank across form dock",500,"2024","9","Sep","",NA
"STTD_2024-10-07 07:56:00","STTD",2024-10-07,"07:56:00",3,"CLR",0.95,22.8,6.99,193,185,7.65,8.3,"FLD","U",1,1,"Partly cloudy, Last meassurement at total length of pole",NA,2024-10-07 07:56:00,1,"N",10,571885,562889,"Low",NA,500,"2024","10","Oct","",NA
"SHR_2024-10-08 09:30:00","SHR",2024-10-08,"09:30:00",3,"CLR",2.05,18.9,NA,121,107,7.54,6.9,"FLD","D",1,1,"Barge adjacent (rip rap work?), Last measurement at total length of pole","D.O read 93.4 which I think is %, but could mean 9.34. changed surf irradiance to 1833.8 from 1883.8",2024-10-08 09:30:00,1,"Y",10,562596,555258,"Low","Sampled upstream due to levee work & barges",500,"2024","10","Oct","",NA
"STTD_2024-10-21 08:26:00","STTD",2024-10-21,"08:26:00",3,"CLR",NA,16.2,9.2,209,174,7.96,9.2,"FLD","U",1,2,"secchi <1m, Too clear for secchi. LA: difficult measurement, inconsistent sunshine. Last measurement reached end of pole","added light attenuation notes",2024-10-21 08:26:00,1,"Y",10,553902,549047,"Low",NA,500,"2024","10","Oct","",NA
"SHR_2024-10-22 08:36:00","SHR",2024-10-22,"08:36:00",2,"CLR",1.4,15.6,9.51,119,98,7.57,5.7,"FLD","D",1,1,"levee work across from doc. Last measurement at total depth of pole","added field comments",2024-10-22 08:36:00,1,"N",10,549000,544064,"Low",NA,500,"2024","10","Oct","",NA
"STTD_2024-11-04 10:42:00","STTD",2024-11-04,"10:42:00",1,"CLR",1.1,14.4,9.2,221,177,8.06,7.9,"EBB","D",1,1,"Last measurment at total depth of pole (2.19m)","changed light data to ""TRUE""",2024-11-04 10:42:00,1,"N",10,544000,541390,"Low","tow from trap",500,"2024","11","Nov","",NA
"SHR_2024-11-05 09:42:00","SHR",2024-11-05,"09:42:00",2,"CLD",1.6,13.6,9.82,139,108,7.58,3.9,"FLD","D",1,1,"Last measurment at total depth of pole (2.19m)","changed subsurface irradiance 1 from 1218.9 to 1218.0",2024-11-05 09:42:00,1,"N",10,541200,532417,"Low",NA,500,"2024","11","Nov","",NA
"STTD_2024-11-18 09:55:00","STTD",2024-11-18,"09:55:00",2,"CLR",1.6,11.2,10.64,219,161,8.16,3.9,"EBB","D",1,1,"high tide",NA,2024-11-18 09:55:00,1,"N",10,532000,528921,"Low",NA,500,"2024","11","Nov","",NA
"SHR_2024-11-21 08:32:00","SHR",2024-11-21,"08:32:00",2,"RAN",1.37,10.9,9.98,170,124,7.51,6.3,"FLD","D",1,1,"Very overcast",NA,2024-11-21 08:32:00,1,"N",10,528767,518728,"Low",NA,500,"2024","11","Nov","",NA
"STTD_2024-12-02 12:21:00","STTD",2024-12-02,"12:21:00",3,"CLR",0.25,10.4,6.83,453,327,7.57,21.4,"EBB","D",1,1,"so much veg in RST, removed before sampling","changed surface irradiance from 17939.5 to 1739.5",2024-12-02 12:21:00,1,"N",10,518300,513810,"Low",NA,500,"2024","12","Dec","",NA
"SHR_2024-12-03 10:10:00","SHR",2024-12-03,"10:10:00",3,"CLR",0.43,9.9,8.55,182,130,7.22,21.4,"EBB","D",1,1,NA,"changed field checker from lolson to lvance",2024-12-03 10:10:00,1,"N",10,513797,503435,"Low",NA,500,"2024","12","Dec","",NA
"STTD_2024-12-16 11:39:00","STTD",2024-12-16,"11:39:00",1,"RAN",0.08,9.5,7.75,484,340,7.22,192.5,"EBB","D",1,2,NA,NA,2024-12-16 11:39:00,1,"Y",5,503279,499863,"Low","Collected on port side ; silverside 3 +1 +1",500,"2024","12","Dec","",NA
"SHR_2024-12-17 09:56:00","SHR",2024-12-17,"09:56:00",1,"FOG",0.03,9.1,9.91,127,88,7.27,211.5,"EBB","D",1,1,"Sampled from SHR dock.",NA,2024-12-17 09:56:00,1,"N",10,499000,493722,"Low","Halfed Tow",500,"2024","12","Dec","",NA
"SHR_2024-12-31 09:23:00","SHR",2024-12-31,"09:23:00",2,"CLR",0.14,11.3,8.88,142,105,7.3,72.4,"EBB","D",1,1,NA,"corrected DO from 88.8 to 8.88",2024-12-31 09:23:00,1,"N",10,511827,523345,"REG",NA,500,"2024","12","Dec","",NA
"STTD_2024-12-30 11:22:00","STTD",2024-12-30,"11:22:00",2,"CLR",0.18,12.7,7.94,486,372,7.64,39.6,"EBB","D",1,1,NA,NA,2024-12-30 11:22:00,1,"N",10,494300,510766,"REG",NA,500,"2024","12","Dec","",NA
